,Year,Region,Race_or_Ethnicity,Sex,Age_Group,Opioid_Poisoning_Deaths,total
6,2003,NYC,Black Non Hispanic,F,20-24,1,27717
7,2003,NYC,Black Non Hispanic,F,25-34,3,27717
8,2003,NYC,Black Non Hispanic,F,55-64,3,27717
9,2003,NYC,Black Non Hispanic,F,35-44,10,27717
10,2003,NYC,Black Non Hispanic,F,45-54,12,27717
18,2003,NYC,Black Non Hispanic,M,65-74,4,27717
19,2003,NYC,Black Non Hispanic,M,55-64,6,27717
20,2003,NYC,Black Non Hispanic,M,25-34,7,27717
21,2003,NYC,Black Non Hispanic,M,35-44,20,27717
22,2003,NYC,Black Non Hispanic,M,45-54,35,27717
28,2003,NYC,Hispanic,F,19-Oct,1,27717
29,2003,NYC,Hispanic,F,20-24,1,27717
30,2003,NYC,Hispanic,F,55-64,1,27717
31,2003,NYC,Hispanic,F,75-84,1,27717
32,2003,NYC,Hispanic,F,25-34,4,27717
33,2003,NYC,Hispanic,F,35-44,14,27717
34,2003,NYC,Hispanic,F,45-54,15,27717
40,2003,NYC,Hispanic,M,65-74,2,27717
41,2003,NYC,Hispanic,M,19-Oct,4,27717
42,2003,NYC,Hispanic,M,55-64,5,27717
43,2003,NYC,Hispanic,M,20-24,6,27717
44,2003,NYC,Hispanic,M,25-34,27,27717
45,2003,NYC,Hispanic,M,45-54,29,27717
46,2003,NYC,Hispanic,M,35-44,48,27717
56,2003,NYC,Not Stated,F,19-Oct,1,27717
57,2003,NYC,Not Stated,F,35-44,1,27717
58,2003,NYC,Not Stated,F,55-64,1,27717
67,2003,NYC,Not Stated,M,25-34,1,27717
68,2003,NYC,Not Stated,M,55-64,1,27717
69,2003,NYC,Not Stated,M,35-44,4,27717
70,2003,NYC,Not Stated,M,45-54,6,27717
93,2003,NYC,Other Non Hispanic,M,25-34,1,27717
94,2003,NYC,Other Non Hispanic,M,55-64,1,27717
103,2003,NYC,White Non Hispanic,F,55-64,3,27717
104,2003,NYC,White Non Hispanic,F,25-34,5,27717
105,2003,NYC,White Non Hispanic,F,35-44,21,27717
106,2003,NYC,White Non Hispanic,F,45-54,21,27717
112,2003,NYC,White Non Hispanic,M,65-74,2,27717
113,2003,NYC,White Non Hispanic,M,19-Oct,6,27717
114,2003,NYC,White Non Hispanic,M,20-24,6,27717
115,2003,NYC,White Non Hispanic,M,55-64,17,27717
116,2003,NYC,White Non Hispanic,M,25-34,34,27717
117,2003,NYC,White Non Hispanic,M,35-44,45,27717
118,2003,NYC,White Non Hispanic,M,45-54,62,27717
127,2003,ROS,Black Non Hispanic,F,20-24,1,27717
128,2003,ROS,Black Non Hispanic,F,25-34,1,27717
129,2003,ROS,Black Non Hispanic,F,45-54,1,27717
130,2003,ROS,Black Non Hispanic,F,35-44,2,27717
139,2003,ROS,Black Non Hispanic,M,55-64,1,27717
140,2003,ROS,Black Non Hispanic,M,25-34,2,27717
141,2003,ROS,Black Non Hispanic,M,45-54,3,27717
142,2003,ROS,Black Non Hispanic,M,35-44,4,27717
151,2003,ROS,Hispanic,F,20-24,1,27717
152,2003,ROS,Hispanic,F,45-54,1,27717
153,2003,ROS,Hispanic,F,25-34,2,27717
154,2003,ROS,Hispanic,F,35-44,2,27717
162,2003,ROS,Hispanic,M,55-64,1,27717
163,2003,ROS,Hispanic,M,19-Oct,3,27717
164,2003,ROS,Hispanic,M,35-44,6,27717
165,2003,ROS,Hispanic,M,45-54,6,27717
166,2003,ROS,Hispanic,M,25-34,7,27717
213,2003,ROS,Other Non Hispanic,M,35-44,1,27717
214,2003,ROS,Other Non Hispanic,M,25-34,2,27717
219,2003,ROS,White Non Hispanic,F,19-Oct,1,27717
220,2003,ROS,White Non Hispanic,F,65-74,2,27717
221,2003,ROS,White Non Hispanic,F,75-84,2,27717
222,2003,ROS,White Non Hispanic,F,20-24,4,27717
223,2003,ROS,White Non Hispanic,F,55-64,6,27717
224,2003,ROS,White Non Hispanic,F,25-34,9,27717
225,2003,ROS,White Non Hispanic,F,35-44,19,27717
226,2003,ROS,White Non Hispanic,F,45-54,24,27717
231,2003,ROS,White Non Hispanic,M,75-84,1,27717
232,2003,ROS,White Non Hispanic,M,85+,1,27717
233,2003,ROS,White Non Hispanic,M,19-Oct,5,27717
234,2003,ROS,White Non Hispanic,M,55-64,6,27717
235,2003,ROS,White Non Hispanic,M,20-24,14,27717
236,2003,ROS,White Non Hispanic,M,25-34,28,27717
237,2003,ROS,White Non Hispanic,M,45-54,49,27717
238,2003,ROS,White Non Hispanic,M,35-44,51,27717
247,2004,NYC,Black Non Hispanic,F,25-34,1,27717
248,2004,NYC,Black Non Hispanic,F,65-74,1,27717
249,2004,NYC,Black Non Hispanic,F,35-44,9,27717
250,2004,NYC,Black Non Hispanic,F,45-54,14,27717
257,2004,NYC,Black Non Hispanic,M,65-74,1,27717
258,2004,NYC,Black Non Hispanic,M,75-84,1,27717
259,2004,NYC,Black Non Hispanic,M,25-34,5,27717
260,2004,NYC,Black Non Hispanic,M,55-64,9,27717
261,2004,NYC,Black Non Hispanic,M,35-44,12,27717
262,2004,NYC,Black Non Hispanic,M,45-54,27,27717
270,2004,NYC,Hispanic,F,55-64,1,27717
271,2004,NYC,Hispanic,F,20-24,2,27717
272,2004,NYC,Hispanic,F,25-34,2,27717
273,2004,NYC,Hispanic,F,35-44,12,27717
274,2004,NYC,Hispanic,F,45-54,13,27717
280,2004,NYC,Hispanic,M,65-74,1,27717
281,2004,NYC,Hispanic,M,75-84,1,27717
282,2004,NYC,Hispanic,M,25-34,6,27717
283,2004,NYC,Hispanic,M,20-24,7,27717
284,2004,NYC,Hispanic,M,55-64,8,27717
285,2004,NYC,Hispanic,M,45-54,21,27717
286,2004,NYC,Hispanic,M,35-44,41,27717
296,2004,NYC,Not Stated,F,25-34,1,27717
297,2004,NYC,Not Stated,F,45-54,1,27717
298,2004,NYC,Not Stated,F,35-44,2,27717
307,2004,NYC,Not Stated,M,20-24,1,27717
308,2004,NYC,Not Stated,M,35-44,1,27717
309,2004,NYC,Not Stated,M,55-64,1,27717
310,2004,NYC,Not Stated,M,45-54,3,27717
322,2004,NYC,Other Non Hispanic,F,25-34,1,27717
332,2004,NYC,Other Non Hispanic,M,35-44,1,27717
333,2004,NYC,Other Non Hispanic,M,45-54,2,27717
334,2004,NYC,Other Non Hispanic,M,25-34,3,27717
339,2004,NYC,White Non Hispanic,F,65-74,1,27717
340,2004,NYC,White Non Hispanic,F,85+,1,27717
341,2004,NYC,White Non Hispanic,F,19-Oct,2,27717
342,2004,NYC,White Non Hispanic,F,20-24,5,27717
343,2004,NYC,White Non Hispanic,F,25-34,6,27717
344,2004,NYC,White Non Hispanic,F,55-64,10,27717
345,2004,NYC,White Non Hispanic,F,35-44,15,27717
346,2004,NYC,White Non Hispanic,F,45-54,20,27717
351,2004,NYC,White Non Hispanic,M,75-84,1,27717
352,2004,NYC,White Non Hispanic,M,65-74,2,27717
353,2004,NYC,White Non Hispanic,M,19-Oct,4,27717
354,2004,NYC,White Non Hispanic,M,20-24,11,27717
355,2004,NYC,White Non Hispanic,M,55-64,15,27717
356,2004,NYC,White Non Hispanic,M,25-34,28,27717
357,2004,NYC,White Non Hispanic,M,45-54,40,27717
358,2004,NYC,White Non Hispanic,M,35-44,53,27717
369,2004,ROS,Black Non Hispanic,F,55-64,1,27717
370,2004,ROS,Black Non Hispanic,F,35-44,2,27717
381,2004,ROS,Black Non Hispanic,M,35-44,2,27717
382,2004,ROS,Black Non Hispanic,M,45-54,2,27717
394,2004,ROS,Hispanic,F,45-54,2,27717
403,2004,ROS,Hispanic,M,20-24,1,27717
404,2004,ROS,Hispanic,M,25-34,3,27717
405,2004,ROS,Hispanic,M,35-44,5,27717
406,2004,ROS,Hispanic,M,45-54,5,27717
427,2004,ROS,Not Stated,M,19-Oct,1,27717
428,2004,ROS,Not Stated,M,25-34,1,27717
429,2004,ROS,Not Stated,M,45-54,1,27717
453,2004,ROS,Other Non Hispanic,M,25-34,1,27717
459,2004,ROS,White Non Hispanic,F,19-Oct,1,27717
460,2004,ROS,White Non Hispanic,F,25-34,1,27717
461,2004,ROS,White Non Hispanic,F,65-74,1,27717
462,2004,ROS,White Non Hispanic,F,55-64,2,27717
463,2004,ROS,White Non Hispanic,F,20-24,4,27717
464,2004,ROS,White Non Hispanic,F,35-44,14,27717
465,2004,ROS,White Non Hispanic,F,45-54,17,27717
471,2004,ROS,White Non Hispanic,M,75-84,1,27717
472,2004,ROS,White Non Hispanic,M,19-Oct,4,27717
473,2004,ROS,White Non Hispanic,M,55-64,5,27717
474,2004,ROS,White Non Hispanic,M,20-24,8,27717
475,2004,ROS,White Non Hispanic,M,25-34,21,27717
476,2004,ROS,White Non Hispanic,M,45-54,26,27717
477,2004,ROS,White Non Hispanic,M,35-44,41,27717
485,2005,NYC,Black Non Hispanic,F,19-Oct,2,27717
486,2005,NYC,Black Non Hispanic,F,25-34,3,27717
487,2005,NYC,Black Non Hispanic,F,55-64,7,27717
488,2005,NYC,Black Non Hispanic,F,35-44,8,27717
489,2005,NYC,Black Non Hispanic,F,45-54,17,27717
496,2005,NYC,Black Non Hispanic,M,20-24,1,27717
497,2005,NYC,Black Non Hispanic,M,65-74,2,27717
498,2005,NYC,Black Non Hispanic,M,25-34,6,27717
499,2005,NYC,Black Non Hispanic,M,55-64,10,27717
500,2005,NYC,Black Non Hispanic,M,35-44,17,27717
501,2005,NYC,Black Non Hispanic,M,45-54,43,27717
508,2005,NYC,Hispanic,F,20-24,1,27717
509,2005,NYC,Hispanic,F,25-34,2,27717
510,2005,NYC,Hispanic,F,55-64,2,27717
511,2005,NYC,Hispanic,F,19-Oct,4,27717
512,2005,NYC,Hispanic,F,45-54,7,27717
513,2005,NYC,Hispanic,F,35-44,11,27717
518,2005,NYC,Hispanic,M,19-Oct,1,27717
519,2005,NYC,Hispanic,M,65-74,1,27717
520,2005,NYC,Hispanic,M,75-84,1,27717
521,2005,NYC,Hispanic,M,20-24,6,27717
522,2005,NYC,Hispanic,M,55-64,12,27717
523,2005,NYC,Hispanic,M,25-34,22,27717
524,2005,NYC,Hispanic,M,35-44,36,27717
525,2005,NYC,Hispanic,M,45-54,38,27717
535,2005,NYC,Not Stated,F,25-34,1,27717
536,2005,NYC,Not Stated,F,45-54,1,27717
545,2005,NYC,Not Stated,M,20-24,1,27717
546,2005,NYC,Not Stated,M,35-44,1,27717
547,2005,NYC,Not Stated,M,65-74,1,27717
548,2005,NYC,Not Stated,M,45-54,3,27717
570,2005,NYC,Other Non Hispanic,M,20-24,1,27717
571,2005,NYC,Other Non Hispanic,M,35-44,2,27717
572,2005,NYC,Other Non Hispanic,M,25-34,3,27717
576,2005,NYC,White Non Hispanic,F,65-74,1,27717
577,2005,NYC,White Non Hispanic,F,75-84,1,27717
578,2005,NYC,White Non Hispanic,F,85+,1,27717
579,2005,NYC,White Non Hispanic,F,19-Oct,2,27717
580,2005,NYC,White Non Hispanic,F,20-24,4,27717
581,2005,NYC,White Non Hispanic,F,55-64,6,27717
582,2005,NYC,White Non Hispanic,F,25-34,7,27717
583,2005,NYC,White Non Hispanic,F,35-44,25,27717
584,2005,NYC,White Non Hispanic,F,45-54,26,27717
590,2005,NYC,White Non Hispanic,M,19-Oct,5,27717
591,2005,NYC,White Non Hispanic,M,65-74,5,27717
592,2005,NYC,White Non Hispanic,M,20-24,17,27717
593,2005,NYC,White Non Hispanic,M,25-34,18,27717
594,2005,NYC,White Non Hispanic,M,55-64,20,27717
595,2005,NYC,White Non Hispanic,M,35-44,37,27717
596,2005,NYC,White Non Hispanic,M,45-54,50,27717
607,2005,ROS,Black Non Hispanic,F,<1,1,27717
608,2005,ROS,Black Non Hispanic,F,35-44,2,27717
617,2005,ROS,Black Non Hispanic,M,35-44,1,27717
618,2005,ROS,Black Non Hispanic,M,25-34,2,27717
619,2005,ROS,Black Non Hispanic,M,55-64,5,27717
620,2005,ROS,Black Non Hispanic,M,45-54,6,27717
631,2005,ROS,Hispanic,F,45-54,1,27717
632,2005,ROS,Hispanic,F,35-44,2,27717
640,2005,ROS,Hispanic,M,20-24,1,27717
641,2005,ROS,Hispanic,M,55-64,1,27717
642,2005,ROS,Hispanic,M,45-54,3,27717
643,2005,ROS,Hispanic,M,25-34,6,27717
644,2005,ROS,Hispanic,M,35-44,6,27717
665,2005,ROS,Not Stated,M,35-44,2,27717
677,2005,ROS,Other Non Hispanic,F,45-54,1,27717
688,2005,ROS,Other Non Hispanic,M,45-54,1,27717
689,2005,ROS,Other Non Hispanic,M,35-44,2,27717
694,2005,ROS,White Non Hispanic,F,75-84,1,27717
695,2005,ROS,White Non Hispanic,F,85+,1,27717
696,2005,ROS,White Non Hispanic,F,65-74,2,27717
697,2005,ROS,White Non Hispanic,F,20-24,5,27717
698,2005,ROS,White Non Hispanic,F,55-64,6,27717
699,2005,ROS,White Non Hispanic,F,25-34,9,27717
700,2005,ROS,White Non Hispanic,F,35-44,29,27717
701,2005,ROS,White Non Hispanic,F,45-54,30,27717
704,2005,ROS,White Non Hispanic,M,9-Jan,1,27717
705,2005,ROS,White Non Hispanic,M,75-84,1,27717
706,2005,ROS,White Non Hispanic,M,85+,1,27717
707,2005,ROS,White Non Hispanic,M,65-74,3,27717
708,2005,ROS,White Non Hispanic,M,19-Oct,13,27717
709,2005,ROS,White Non Hispanic,M,55-64,16,27717
710,2005,ROS,White Non Hispanic,M,20-24,33,27717
711,2005,ROS,White Non Hispanic,M,45-54,65,27717
712,2005,ROS,White Non Hispanic,M,25-34,66,27717
713,2005,ROS,White Non Hispanic,M,35-44,71,27717
721,2006,NYC,Black Non Hispanic,F,19-Oct,1,27717
722,2006,NYC,Black Non Hispanic,F,25-34,2,27717
723,2006,NYC,Black Non Hispanic,F,55-64,3,27717
724,2006,NYC,Black Non Hispanic,F,35-44,16,27717
725,2006,NYC,Black Non Hispanic,F,45-54,17,27717
732,2006,NYC,Black Non Hispanic,M,19-Oct,1,27717
733,2006,NYC,Black Non Hispanic,M,25-34,6,27717
734,2006,NYC,Black Non Hispanic,M,65-74,6,27717
735,2006,NYC,Black Non Hispanic,M,55-64,10,27717
736,2006,NYC,Black Non Hispanic,M,35-44,23,27717
737,2006,NYC,Black Non Hispanic,M,45-54,39,27717
744,2006,NYC,Hispanic,F,9-Jan,1,27717
745,2006,NYC,Hispanic,F,85+,1,27717
746,2006,NYC,Hispanic,F,55-64,2,27717
747,2006,NYC,Hispanic,F,25-34,9,27717
748,2006,NYC,Hispanic,F,45-54,9,27717
749,2006,NYC,Hispanic,F,35-44,14,27717
756,2006,NYC,Hispanic,M,19-Oct,1,27717
757,2006,NYC,Hispanic,M,65-74,1,27717
758,2006,NYC,Hispanic,M,55-64,10,27717
759,2006,NYC,Hispanic,M,25-34,22,27717
760,2006,NYC,Hispanic,M,45-54,34,27717
761,2006,NYC,Hispanic,M,35-44,45,27717
771,2006,NYC,Not Stated,F,35-44,1,27717
772,2006,NYC,Not Stated,F,55-64,1,27717
783,2006,NYC,Not Stated,M,35-44,1,27717
784,2006,NYC,Not Stated,M,45-54,1,27717
806,2006,NYC,Other Non Hispanic,M,25-34,1,27717
807,2006,NYC,Other Non Hispanic,M,45-54,1,27717
808,2006,NYC,Other Non Hispanic,M,35-44,3,27717
814,2006,NYC,White Non Hispanic,F,19-Oct,1,27717
815,2006,NYC,White Non Hispanic,F,65-74,2,27717
816,2006,NYC,White Non Hispanic,F,20-24,3,27717
817,2006,NYC,White Non Hispanic,F,25-34,5,27717
818,2006,NYC,White Non Hispanic,F,55-64,5,27717
819,2006,NYC,White Non Hispanic,F,35-44,19,27717
820,2006,NYC,White Non Hispanic,F,45-54,23,27717
825,2006,NYC,White Non Hispanic,M,85+,1,27717
826,2006,NYC,White Non Hispanic,M,65-74,2,27717
827,2006,NYC,White Non Hispanic,M,19-Oct,4,27717
828,2006,NYC,White Non Hispanic,M,20-24,18,27717
829,2006,NYC,White Non Hispanic,M,55-64,22,27717
830,2006,NYC,White Non Hispanic,M,25-34,37,27717
831,2006,NYC,White Non Hispanic,M,35-44,53,27717
832,2006,NYC,White Non Hispanic,M,45-54,54,27717
842,2006,ROS,Black Non Hispanic,F,55-64,3,27717
843,2006,ROS,Black Non Hispanic,F,35-44,4,27717
844,2006,ROS,Black Non Hispanic,F,45-54,7,27717
852,2006,ROS,Black Non Hispanic,M,25-34,1,27717
853,2006,ROS,Black Non Hispanic,M,65-74,1,27717
854,2006,ROS,Black Non Hispanic,M,45-54,2,27717
855,2006,ROS,Black Non Hispanic,M,55-64,2,27717
856,2006,ROS,Black Non Hispanic,M,35-44,4,27717
866,2006,ROS,Hispanic,F,25-34,1,27717
867,2006,ROS,Hispanic,F,45-54,1,27717
868,2006,ROS,Hispanic,F,35-44,3,27717
878,2006,ROS,Hispanic,M,25-34,3,27717
879,2006,ROS,Hispanic,M,35-44,7,27717
880,2006,ROS,Hispanic,M,45-54,7,27717
901,2006,ROS,Not Stated,M,45-54,1,27717
912,2006,ROS,Other Non Hispanic,F,25-34,1,27717
913,2006,ROS,Other Non Hispanic,F,45-54,1,27717
922,2006,ROS,Other Non Hispanic,M,20-24,1,27717
923,2006,ROS,Other Non Hispanic,M,25-34,1,27717
924,2006,ROS,Other Non Hispanic,M,45-54,1,27717
925,2006,ROS,Other Non Hispanic,M,55-64,1,27717
930,2006,ROS,White Non Hispanic,F,65-74,1,27717
931,2006,ROS,White Non Hispanic,F,19-Oct,3,27717
932,2006,ROS,White Non Hispanic,F,75-84,4,27717
933,2006,ROS,White Non Hispanic,F,20-24,10,27717
934,2006,ROS,White Non Hispanic,F,55-64,13,27717
935,2006,ROS,White Non Hispanic,F,25-34,22,27717
936,2006,ROS,White Non Hispanic,F,35-44,23,27717
937,2006,ROS,White Non Hispanic,F,45-54,38,27717
941,2006,ROS,White Non Hispanic,M,85+,1,27717
942,2006,ROS,White Non Hispanic,M,65-74,3,27717
943,2006,ROS,White Non Hispanic,M,75-84,4,27717
944,2006,ROS,White Non Hispanic,M,19-Oct,14,27717
945,2006,ROS,White Non Hispanic,M,55-64,21,27717
946,2006,ROS,White Non Hispanic,M,20-24,34,27717
947,2006,ROS,White Non Hispanic,M,25-34,52,27717
948,2006,ROS,White Non Hispanic,M,35-44,74,27717
949,2006,ROS,White Non Hispanic,M,45-54,96,27717
956,2007,NYC,Black Non Hispanic,F,9-Jan,1,27717
957,2007,NYC,Black Non Hispanic,F,25-34,1,27717
958,2007,NYC,Black Non Hispanic,F,65-74,1,27717
959,2007,NYC,Black Non Hispanic,F,35-44,6,27717
960,2007,NYC,Black Non Hispanic,F,55-64,8,27717
961,2007,NYC,Black Non Hispanic,F,45-54,17,27717
968,2007,NYC,Black Non Hispanic,M,19-Oct,1,27717
969,2007,NYC,Black Non Hispanic,M,75-84,1,27717
970,2007,NYC,Black Non Hispanic,M,25-34,4,27717
971,2007,NYC,Black Non Hispanic,M,35-44,6,27717
972,2007,NYC,Black Non Hispanic,M,55-64,7,27717
973,2007,NYC,Black Non Hispanic,M,45-54,26,27717
982,2007,NYC,Hispanic,F,55-64,4,27717
983,2007,NYC,Hispanic,F,25-34,5,27717
984,2007,NYC,Hispanic,F,45-54,7,27717
985,2007,NYC,Hispanic,F,35-44,10,27717
993,2007,NYC,Hispanic,M,20-24,4,27717
994,2007,NYC,Hispanic,M,55-64,12,27717
995,2007,NYC,Hispanic,M,25-34,22,27717
996,2007,NYC,Hispanic,M,45-54,29,27717
997,2007,NYC,Hispanic,M,35-44,30,27717
1019,2007,NYC,Not Stated,M,35-44,2,27717
1042,2007,NYC,Other Non Hispanic,M,20-24,1,27717
1043,2007,NYC,Other Non Hispanic,M,25-34,3,27717
1048,2007,NYC,White Non Hispanic,F,65-74,1,27717
1049,2007,NYC,White Non Hispanic,F,75-84,1,27717
1050,2007,NYC,White Non Hispanic,F,85+,2,27717
1051,2007,NYC,White Non Hispanic,F,20-24,4,27717
1052,2007,NYC,White Non Hispanic,F,55-64,7,27717
1053,2007,NYC,White Non Hispanic,F,25-34,14,27717
1054,2007,NYC,White Non Hispanic,F,35-44,14,27717
1055,2007,NYC,White Non Hispanic,F,45-54,21,27717
1061,2007,NYC,White Non Hispanic,M,19-Oct,3,27717
1062,2007,NYC,White Non Hispanic,M,65-74,3,27717
1063,2007,NYC,White Non Hispanic,M,20-24,9,27717
1064,2007,NYC,White Non Hispanic,M,55-64,24,27717
1065,2007,NYC,White Non Hispanic,M,25-34,33,27717
1066,2007,NYC,White Non Hispanic,M,35-44,47,27717
1067,2007,NYC,White Non Hispanic,M,45-54,49,27717
1075,2007,ROS,Black Non Hispanic,F,35-44,1,27717
1076,2007,ROS,Black Non Hispanic,F,55-64,1,27717
1077,2007,ROS,Black Non Hispanic,F,75-84,1,27717
1078,2007,ROS,Black Non Hispanic,F,25-34,3,27717
1079,2007,ROS,Black Non Hispanic,F,45-54,11,27717
1085,2007,ROS,Black Non Hispanic,M,19-Oct,1,27717
1086,2007,ROS,Black Non Hispanic,M,65-74,1,27717
1087,2007,ROS,Black Non Hispanic,M,20-24,2,27717
1088,2007,ROS,Black Non Hispanic,M,25-34,2,27717
1089,2007,ROS,Black Non Hispanic,M,55-64,3,27717
1090,2007,ROS,Black Non Hispanic,M,35-44,4,27717
1091,2007,ROS,Black Non Hispanic,M,45-54,6,27717
1099,2007,ROS,Hispanic,F,20-24,1,27717
1100,2007,ROS,Hispanic,F,25-34,1,27717
1101,2007,ROS,Hispanic,F,65-74,1,27717
1102,2007,ROS,Hispanic,F,35-44,2,27717
1103,2007,ROS,Hispanic,F,45-54,3,27717
1110,2007,ROS,Hispanic,M,19-Oct,1,27717
1111,2007,ROS,Hispanic,M,55-64,1,27717
1112,2007,ROS,Hispanic,M,35-44,4,27717
1113,2007,ROS,Hispanic,M,20-24,5,27717
1114,2007,ROS,Hispanic,M,45-54,5,27717
1115,2007,ROS,Hispanic,M,25-34,7,27717
1150,2007,ROS,Other Non Hispanic,F,55-64,2,27717
1160,2007,ROS,Other Non Hispanic,M,20-24,1,27717
1161,2007,ROS,Other Non Hispanic,M,25-34,2,27717
1165,2007,ROS,White Non Hispanic,F,19-Oct,2,27717
1166,2007,ROS,White Non Hispanic,F,65-74,2,27717
1167,2007,ROS,White Non Hispanic,F,75-84,2,27717
1168,2007,ROS,White Non Hispanic,F,85+,2,27717
1169,2007,ROS,White Non Hispanic,F,20-24,3,27717
1170,2007,ROS,White Non Hispanic,F,25-34,20,27717
1171,2007,ROS,White Non Hispanic,F,55-64,25,27717
1172,2007,ROS,White Non Hispanic,F,35-44,45,27717
1173,2007,ROS,White Non Hispanic,F,45-54,62,27717
1179,2007,ROS,White Non Hispanic,M,85+,2,27717
1180,2007,ROS,White Non Hispanic,M,19-Oct,8,27717
1181,2007,ROS,White Non Hispanic,M,55-64,31,27717
1182,2007,ROS,White Non Hispanic,M,20-24,37,27717
1183,2007,ROS,White Non Hispanic,M,35-44,83,27717
1184,2007,ROS,White Non Hispanic,M,45-54,85,27717
1185,2007,ROS,White Non Hispanic,M,25-34,90,27717
1194,2008,NYC,Black Non Hispanic,F,20-24,1,27717
1195,2008,NYC,Black Non Hispanic,F,55-64,2,27717
1196,2008,NYC,Black Non Hispanic,F,35-44,6,27717
1197,2008,NYC,Black Non Hispanic,F,45-54,14,27717
1205,2008,NYC,Black Non Hispanic,M,20-24,1,27717
1206,2008,NYC,Black Non Hispanic,M,19-Oct,2,27717
1207,2008,NYC,Black Non Hispanic,M,35-44,4,27717
1208,2008,NYC,Black Non Hispanic,M,55-64,12,27717
1209,2008,NYC,Black Non Hispanic,M,45-54,26,27717
1214,2008,NYC,Hispanic,F,9-Jan,1,27717
1215,2008,NYC,Hispanic,F,19-Oct,1,27717
1216,2008,NYC,Hispanic,F,20-24,1,27717
1217,2008,NYC,Hispanic,F,25-34,1,27717
1218,2008,NYC,Hispanic,F,65-74,1,27717
1219,2008,NYC,Hispanic,F,55-64,4,27717
1220,2008,NYC,Hispanic,F,35-44,8,27717
1221,2008,NYC,Hispanic,F,45-54,9,27717
1227,2008,NYC,Hispanic,M,65-74,1,27717
1228,2008,NYC,Hispanic,M,19-Oct,3,27717
1229,2008,NYC,Hispanic,M,20-24,4,27717
1230,2008,NYC,Hispanic,M,55-64,15,27717
1231,2008,NYC,Hispanic,M,25-34,23,27717
1232,2008,NYC,Hispanic,M,35-44,37,27717
1233,2008,NYC,Hispanic,M,45-54,43,27717
1254,2008,NYC,Not Stated,M,45-54,1,27717
1255,2008,NYC,Not Stated,M,55-64,1,27717
1266,2008,NYC,Other Non Hispanic,F,20-24,1,27717
1267,2008,NYC,Other Non Hispanic,F,35-44,1,27717
1278,2008,NYC,Other Non Hispanic,M,25-34,1,27717
1279,2008,NYC,Other Non Hispanic,M,35-44,1,27717
1286,2008,NYC,White Non Hispanic,F,20-24,2,27717
1287,2008,NYC,White Non Hispanic,F,65-74,3,27717
1288,2008,NYC,White Non Hispanic,F,25-34,10,27717
1289,2008,NYC,White Non Hispanic,F,55-64,10,27717
1290,2008,NYC,White Non Hispanic,F,35-44,13,27717
1291,2008,NYC,White Non Hispanic,F,45-54,26,27717
1296,2008,NYC,White Non Hispanic,M,65-74,1,27717
1297,2008,NYC,White Non Hispanic,M,75-84,1,27717
1298,2008,NYC,White Non Hispanic,M,19-Oct,4,27717
1299,2008,NYC,White Non Hispanic,M,20-24,8,27717
1300,2008,NYC,White Non Hispanic,M,55-64,20,27717
1301,2008,NYC,White Non Hispanic,M,35-44,34,27717
1302,2008,NYC,White Non Hispanic,M,45-54,41,27717
1303,2008,NYC,White Non Hispanic,M,25-34,43,27717
1312,2008,ROS,Black Non Hispanic,F,25-34,1,27717
1313,2008,ROS,Black Non Hispanic,F,55-64,1,27717
1314,2008,ROS,Black Non Hispanic,F,45-54,4,27717
1315,2008,ROS,Black Non Hispanic,F,35-44,5,27717
1321,2008,ROS,Black Non Hispanic,M,65-74,1,27717
1322,2008,ROS,Black Non Hispanic,M,75-84,1,27717
1323,2008,ROS,Black Non Hispanic,M,19-Oct,2,27717
1324,2008,ROS,Black Non Hispanic,M,20-24,2,27717
1325,2008,ROS,Black Non Hispanic,M,55-64,6,27717
1326,2008,ROS,Black Non Hispanic,M,35-44,8,27717
1327,2008,ROS,Black Non Hispanic,M,45-54,8,27717
1336,2008,ROS,Hispanic,F,20-24,1,27717
1337,2008,ROS,Hispanic,F,25-34,1,27717
1338,2008,ROS,Hispanic,F,45-54,1,27717
1339,2008,ROS,Hispanic,F,35-44,6,27717
1348,2008,ROS,Hispanic,M,25-34,2,27717
1349,2008,ROS,Hispanic,M,55-64,4,27717
1350,2008,ROS,Hispanic,M,35-44,6,27717
1351,2008,ROS,Hispanic,M,45-54,6,27717
1362,2008,ROS,Not Stated,F,35-44,1,27717
1372,2008,ROS,Not Stated,M,35-44,1,27717
1373,2008,ROS,Not Stated,M,55-64,1,27717
1396,2008,ROS,Other Non Hispanic,M,25-34,1,27717
1397,2008,ROS,Other Non Hispanic,M,20-24,2,27717
1400,2008,ROS,White Non Hispanic,F,9-Jan,1,27717
1401,2008,ROS,White Non Hispanic,F,85+,1,27717
1402,2008,ROS,White Non Hispanic,F,75-84,3,27717
1403,2008,ROS,White Non Hispanic,F,65-74,4,27717
1404,2008,ROS,White Non Hispanic,F,20-24,10,27717
1405,2008,ROS,White Non Hispanic,F,19-Oct,11,27717
1406,2008,ROS,White Non Hispanic,F,25-34,22,27717
1407,2008,ROS,White Non Hispanic,F,55-64,30,27717
1408,2008,ROS,White Non Hispanic,F,35-44,47,27717
1409,2008,ROS,White Non Hispanic,F,45-54,78,27717
1414,2008,ROS,White Non Hispanic,M,85+,1,27717
1415,2008,ROS,White Non Hispanic,M,65-74,10,27717
1416,2008,ROS,White Non Hispanic,M,19-Oct,18,27717
1417,2008,ROS,White Non Hispanic,M,20-24,40,27717
1418,2008,ROS,White Non Hispanic,M,55-64,41,27717
1419,2008,ROS,White Non Hispanic,M,35-44,77,27717
1420,2008,ROS,White Non Hispanic,M,25-34,84,27717
1421,2008,ROS,White Non Hispanic,M,45-54,120,27717
1428,2009,NYC,Black Non Hispanic,F,9-Jan,1,27717
1429,2009,NYC,Black Non Hispanic,F,20-24,1,27717
1430,2009,NYC,Black Non Hispanic,F,65-74,1,27717
1431,2009,NYC,Black Non Hispanic,F,55-64,6,27717
1432,2009,NYC,Black Non Hispanic,F,35-44,7,27717
1433,2009,NYC,Black Non Hispanic,F,45-54,12,27717
1441,2009,NYC,Black Non Hispanic,M,65-74,1,27717
1442,2009,NYC,Black Non Hispanic,M,25-34,3,27717
1443,2009,NYC,Black Non Hispanic,M,35-44,9,27717
1444,2009,NYC,Black Non Hispanic,M,45-54,13,27717
1445,2009,NYC,Black Non Hispanic,M,55-64,17,27717
1453,2009,NYC,Hispanic,F,65-74,1,27717
1454,2009,NYC,Hispanic,F,55-64,4,27717
1455,2009,NYC,Hispanic,F,25-34,5,27717
1456,2009,NYC,Hispanic,F,35-44,11,27717
1457,2009,NYC,Hispanic,F,45-54,14,27717
1464,2009,NYC,Hispanic,M,65-74,2,27717
1465,2009,NYC,Hispanic,M,20-24,4,27717
1466,2009,NYC,Hispanic,M,55-64,11,27717
1467,2009,NYC,Hispanic,M,25-34,17,27717
1468,2009,NYC,Hispanic,M,45-54,22,27717
1469,2009,NYC,Hispanic,M,35-44,26,27717
1489,2009,NYC,Not Stated,M,45-54,1,27717
1490,2009,NYC,Not Stated,M,25-34,2,27717
1520,2009,NYC,White Non Hispanic,F,65-74,1,27717
1521,2009,NYC,White Non Hispanic,F,19-Oct,3,27717
1522,2009,NYC,White Non Hispanic,F,20-24,3,27717
1523,2009,NYC,White Non Hispanic,F,25-34,8,27717
1524,2009,NYC,White Non Hispanic,F,55-64,11,27717
1525,2009,NYC,White Non Hispanic,F,45-54,15,27717
1526,2009,NYC,White Non Hispanic,F,35-44,19,27717
1531,2009,NYC,White Non Hispanic,M,65-74,1,27717
1532,2009,NYC,White Non Hispanic,M,75-84,1,27717
1533,2009,NYC,White Non Hispanic,M,19-Oct,2,27717
1534,2009,NYC,White Non Hispanic,M,20-24,8,27717
1535,2009,NYC,White Non Hispanic,M,55-64,24,27717
1536,2009,NYC,White Non Hispanic,M,35-44,31,27717
1537,2009,NYC,White Non Hispanic,M,25-34,32,27717
1538,2009,NYC,White Non Hispanic,M,45-54,53,27717
1545,2009,ROS,Black Non Hispanic,F,19-Oct,1,27717
1546,2009,ROS,Black Non Hispanic,F,20-24,1,27717
1547,2009,ROS,Black Non Hispanic,F,25-34,1,27717
1548,2009,ROS,Black Non Hispanic,F,55-64,2,27717
1549,2009,ROS,Black Non Hispanic,F,35-44,3,27717
1550,2009,ROS,Black Non Hispanic,F,45-54,4,27717
1558,2009,ROS,Black Non Hispanic,M,25-34,1,27717
1559,2009,ROS,Black Non Hispanic,M,65-74,1,27717
1560,2009,ROS,Black Non Hispanic,M,55-64,2,27717
1561,2009,ROS,Black Non Hispanic,M,35-44,4,27717
1562,2009,ROS,Black Non Hispanic,M,45-54,4,27717
1569,2009,ROS,Hispanic,F,9-Jan,1,27717
1570,2009,ROS,Hispanic,F,19-Oct,1,27717
1571,2009,ROS,Hispanic,F,25-34,1,27717
1572,2009,ROS,Hispanic,F,45-54,1,27717
1573,2009,ROS,Hispanic,F,55-64,2,27717
1574,2009,ROS,Hispanic,F,35-44,4,27717
1582,2009,ROS,Hispanic,M,20-24,2,27717
1583,2009,ROS,Hispanic,M,55-64,2,27717
1584,2009,ROS,Hispanic,M,45-54,4,27717
1585,2009,ROS,Hispanic,M,35-44,5,27717
1586,2009,ROS,Hispanic,M,25-34,7,27717
1608,2009,ROS,Not Stated,M,20-24,1,27717
1609,2009,ROS,Not Stated,M,25-34,1,27717
1610,2009,ROS,Not Stated,M,45-54,1,27717
1622,2009,ROS,Other Non Hispanic,F,20-24,1,27717
1632,2009,ROS,Other Non Hispanic,M,19-Oct,1,27717
1633,2009,ROS,Other Non Hispanic,M,20-24,1,27717
1634,2009,ROS,Other Non Hispanic,M,45-54,2,27717
1639,2009,ROS,White Non Hispanic,F,75-84,1,27717
1640,2009,ROS,White Non Hispanic,F,19-Oct,4,27717
1641,2009,ROS,White Non Hispanic,F,65-74,5,27717
1642,2009,ROS,White Non Hispanic,F,20-24,15,27717
1643,2009,ROS,White Non Hispanic,F,55-64,23,27717
1644,2009,ROS,White Non Hispanic,F,25-34,29,27717
1645,2009,ROS,White Non Hispanic,F,35-44,37,27717
1646,2009,ROS,White Non Hispanic,F,45-54,73,27717
1650,2009,ROS,White Non Hispanic,M,85+,1,27717
1651,2009,ROS,White Non Hispanic,M,65-74,2,27717
1652,2009,ROS,White Non Hispanic,M,75-84,2,27717
1653,2009,ROS,White Non Hispanic,M,19-Oct,16,27717
1654,2009,ROS,White Non Hispanic,M,55-64,31,27717
1655,2009,ROS,White Non Hispanic,M,20-24,45,27717
1656,2009,ROS,White Non Hispanic,M,25-34,86,27717
1657,2009,ROS,White Non Hispanic,M,35-44,88,27717
1658,2009,ROS,White Non Hispanic,M,45-54,106,27717
1665,2010,NYC,Black Non Hispanic,F,19-Oct,1,27717
1666,2010,NYC,Black Non Hispanic,F,55-64,2,27717
1667,2010,NYC,Black Non Hispanic,F,65-74,2,27717
1668,2010,NYC,Black Non Hispanic,F,25-34,3,27717
1669,2010,NYC,Black Non Hispanic,F,35-44,4,27717
1670,2010,NYC,Black Non Hispanic,F,45-54,11,27717
1677,2010,NYC,Black Non Hispanic,M,25-34,1,27717
1678,2010,NYC,Black Non Hispanic,M,75-84,1,27717
1679,2010,NYC,Black Non Hispanic,M,65-74,2,27717
1680,2010,NYC,Black Non Hispanic,M,35-44,4,27717
1681,2010,NYC,Black Non Hispanic,M,55-64,9,27717
1682,2010,NYC,Black Non Hispanic,M,45-54,21,27717
1689,2010,NYC,Hispanic,F,19-Oct,1,27717
1690,2010,NYC,Hispanic,F,65-74,1,27717
1691,2010,NYC,Hispanic,F,25-34,2,27717
1692,2010,NYC,Hispanic,F,55-64,6,27717
1693,2010,NYC,Hispanic,F,35-44,8,27717
1694,2010,NYC,Hispanic,F,45-54,12,27717
1701,2010,NYC,Hispanic,M,65-74,1,27717
1702,2010,NYC,Hispanic,M,20-24,3,27717
1703,2010,NYC,Hispanic,M,55-64,7,27717
1704,2010,NYC,Hispanic,M,25-34,9,27717
1705,2010,NYC,Hispanic,M,35-44,17,27717
1706,2010,NYC,Hispanic,M,45-54,27,27717
1718,2010,NYC,Not Stated,F,55-64,1,27717
1728,2010,NYC,Not Stated,M,25-34,1,27717
1729,2010,NYC,Not Stated,M,65-74,1,27717
1739,2010,NYC,Other Non Hispanic,F,19-Oct,1,27717
1740,2010,NYC,Other Non Hispanic,F,35-44,1,27717
1741,2010,NYC,Other Non Hispanic,F,45-54,1,27717
1753,2010,NYC,Other Non Hispanic,M,35-44,1,27717
1757,2010,NYC,White Non Hispanic,F,19-Oct,1,27717
1758,2010,NYC,White Non Hispanic,F,75-84,1,27717
1759,2010,NYC,White Non Hispanic,F,85+,1,27717
1760,2010,NYC,White Non Hispanic,F,20-24,2,27717
1761,2010,NYC,White Non Hispanic,F,65-74,3,27717
1762,2010,NYC,White Non Hispanic,F,55-64,8,27717
1763,2010,NYC,White Non Hispanic,F,25-34,10,27717
1764,2010,NYC,White Non Hispanic,F,35-44,13,27717
1765,2010,NYC,White Non Hispanic,F,45-54,21,27717
1769,2010,NYC,White Non Hispanic,M,9-Jan,1,27717
1770,2010,NYC,White Non Hispanic,M,65-74,1,27717
1771,2010,NYC,White Non Hispanic,M,75-84,1,27717
1772,2010,NYC,White Non Hispanic,M,19-Oct,2,27717
1773,2010,NYC,White Non Hispanic,M,20-24,12,27717
1774,2010,NYC,White Non Hispanic,M,55-64,21,27717
1775,2010,NYC,White Non Hispanic,M,25-34,36,27717
1776,2010,NYC,White Non Hispanic,M,35-44,42,27717
1777,2010,NYC,White Non Hispanic,M,45-54,47,27717
1785,2010,ROS,Black Non Hispanic,F,20-24,1,27717
1786,2010,ROS,Black Non Hispanic,F,25-34,1,27717
1787,2010,ROS,Black Non Hispanic,F,65-74,1,27717
1788,2010,ROS,Black Non Hispanic,F,55-64,3,27717
1789,2010,ROS,Black Non Hispanic,F,45-54,4,27717
1796,2010,ROS,Black Non Hispanic,M,19-Oct,1,27717
1797,2010,ROS,Black Non Hispanic,M,20-24,2,27717
1798,2010,ROS,Black Non Hispanic,M,35-44,2,27717
1799,2010,ROS,Black Non Hispanic,M,25-34,3,27717
1800,2010,ROS,Black Non Hispanic,M,55-64,4,27717
1801,2010,ROS,Black Non Hispanic,M,45-54,8,27717
1810,2010,ROS,Hispanic,F,35-44,1,27717
1811,2010,ROS,Hispanic,F,55-64,1,27717
1812,2010,ROS,Hispanic,F,20-24,2,27717
1813,2010,ROS,Hispanic,F,45-54,5,27717
1820,2010,ROS,Hispanic,M,19-Oct,1,27717
1821,2010,ROS,Hispanic,M,55-64,1,27717
1822,2010,ROS,Hispanic,M,20-24,2,27717
1823,2010,ROS,Hispanic,M,35-44,3,27717
1824,2010,ROS,Hispanic,M,25-34,4,27717
1825,2010,ROS,Hispanic,M,45-54,4,27717
1847,2010,ROS,Not Stated,M,25-34,1,27717
1859,2010,ROS,Other Non Hispanic,F,25-34,1,27717
1870,2010,ROS,Other Non Hispanic,M,20-24,1,27717
1871,2010,ROS,Other Non Hispanic,M,25-34,2,27717
1876,2010,ROS,White Non Hispanic,F,75-84,1,27717
1877,2010,ROS,White Non Hispanic,F,19-Oct,5,27717
1878,2010,ROS,White Non Hispanic,F,65-74,5,27717
1879,2010,ROS,White Non Hispanic,F,20-24,11,27717
1880,2010,ROS,White Non Hispanic,F,55-64,23,27717
1881,2010,ROS,White Non Hispanic,F,25-34,30,27717
1882,2010,ROS,White Non Hispanic,F,35-44,40,27717
1883,2010,ROS,White Non Hispanic,F,45-54,54,27717
1887,2010,ROS,White Non Hispanic,M,9-Jan,1,27717
1888,2010,ROS,White Non Hispanic,M,75-84,1,27717
1889,2010,ROS,White Non Hispanic,M,65-74,2,27717
1890,2010,ROS,White Non Hispanic,M,19-Oct,12,27717
1891,2010,ROS,White Non Hispanic,M,55-64,47,27717
1892,2010,ROS,White Non Hispanic,M,20-24,51,27717
1893,2010,ROS,White Non Hispanic,M,25-34,71,27717
1894,2010,ROS,White Non Hispanic,M,35-44,82,27717
1895,2010,ROS,White Non Hispanic,M,45-54,88,27717
1904,2011,NYC,Black Non Hispanic,F,25-34,4,27717
1905,2011,NYC,Black Non Hispanic,F,35-44,5,27717
1906,2011,NYC,Black Non Hispanic,F,45-54,9,27717
1907,2011,NYC,Black Non Hispanic,F,55-64,12,27717
1915,2011,NYC,Black Non Hispanic,M,20-24,1,27717
1916,2011,NYC,Black Non Hispanic,M,25-34,1,27717
1917,2011,NYC,Black Non Hispanic,M,35-44,11,27717
1918,2011,NYC,Black Non Hispanic,M,55-64,14,27717
1919,2011,NYC,Black Non Hispanic,M,45-54,19,27717
1928,2011,NYC,Hispanic,F,55-64,5,27717
1929,2011,NYC,Hispanic,F,25-34,6,27717
1930,2011,NYC,Hispanic,F,35-44,13,27717
1931,2011,NYC,Hispanic,F,45-54,13,27717
1938,2011,NYC,Hispanic,M,9-Jan,1,27717
1939,2011,NYC,Hispanic,M,20-24,3,27717
1940,2011,NYC,Hispanic,M,55-64,6,27717
1941,2011,NYC,Hispanic,M,25-34,19,27717
1942,2011,NYC,Hispanic,M,35-44,21,27717
1943,2011,NYC,Hispanic,M,45-54,21,27717
1954,2011,NYC,Not Stated,F,45-54,1,27717
1963,2011,NYC,Not Stated,M,20-24,1,27717
1964,2011,NYC,Not Stated,M,25-34,1,27717
1965,2011,NYC,Not Stated,M,45-54,1,27717
1966,2011,NYC,Not Stated,M,35-44,2,27717
1978,2011,NYC,Other Non Hispanic,F,25-34,1,27717
1990,2011,NYC,Other Non Hispanic,M,25-34,1,27717
1997,2011,NYC,White Non Hispanic,F,65-74,4,27717
1998,2011,NYC,White Non Hispanic,F,20-24,9,27717
1999,2011,NYC,White Non Hispanic,F,55-64,12,27717
2000,2011,NYC,White Non Hispanic,F,35-44,13,27717
2001,2011,NYC,White Non Hispanic,F,25-34,15,27717
2002,2011,NYC,White Non Hispanic,F,45-54,22,27717
2007,2011,NYC,White Non Hispanic,M,9-Jan,2,27717
2008,2011,NYC,White Non Hispanic,M,65-74,3,27717
2009,2011,NYC,White Non Hispanic,M,19-Oct,5,27717
2010,2011,NYC,White Non Hispanic,M,20-24,15,27717
2011,2011,NYC,White Non Hispanic,M,55-64,27,27717
2012,2011,NYC,White Non Hispanic,M,35-44,33,27717
2013,2011,NYC,White Non Hispanic,M,25-34,48,27717
2014,2011,NYC,White Non Hispanic,M,45-54,50,27717
2022,2011,ROS,Black Non Hispanic,F,20-24,2,27717
2023,2011,ROS,Black Non Hispanic,F,35-44,2,27717
2024,2011,ROS,Black Non Hispanic,F,25-34,3,27717
2025,2011,ROS,Black Non Hispanic,F,55-64,7,27717
2026,2011,ROS,Black Non Hispanic,F,45-54,9,27717
2034,2011,ROS,Black Non Hispanic,M,20-24,1,27717
2035,2011,ROS,Black Non Hispanic,M,55-64,3,27717
2036,2011,ROS,Black Non Hispanic,M,25-34,4,27717
2037,2011,ROS,Black Non Hispanic,M,35-44,4,27717
2038,2011,ROS,Black Non Hispanic,M,45-54,7,27717
2046,2011,ROS,Hispanic,F,65-74,1,27717
2047,2011,ROS,Hispanic,F,20-24,3,27717
2048,2011,ROS,Hispanic,F,25-34,3,27717
2049,2011,ROS,Hispanic,F,35-44,3,27717
2050,2011,ROS,Hispanic,F,45-54,6,27717
2058,2011,ROS,Hispanic,M,55-64,3,27717
2059,2011,ROS,Hispanic,M,20-24,8,27717
2060,2011,ROS,Hispanic,M,35-44,10,27717
2061,2011,ROS,Hispanic,M,25-34,11,27717
2062,2011,ROS,Hispanic,M,45-54,15,27717
2072,2011,ROS,Not Stated,F,25-34,1,27717
2073,2011,ROS,Not Stated,F,35-44,1,27717
2074,2011,ROS,Not Stated,F,45-54,1,27717
2096,2011,ROS,Other Non Hispanic,F,35-44,1,27717
2097,2011,ROS,Other Non Hispanic,F,25-34,2,27717
2108,2011,ROS,Other Non Hispanic,M,20-24,1,27717
2109,2011,ROS,Other Non Hispanic,M,35-44,1,27717
2113,2011,ROS,White Non Hispanic,F,75-84,2,27717
2114,2011,ROS,White Non Hispanic,F,85+,2,27717
2115,2011,ROS,White Non Hispanic,F,65-74,3,27717
2116,2011,ROS,White Non Hispanic,F,19-Oct,5,27717
2117,2011,ROS,White Non Hispanic,F,20-24,23,27717
2118,2011,ROS,White Non Hispanic,F,25-34,40,27717
2119,2011,ROS,White Non Hispanic,F,55-64,40,27717
2120,2011,ROS,White Non Hispanic,F,35-44,41,27717
2121,2011,ROS,White Non Hispanic,F,45-54,74,27717
2126,2011,ROS,White Non Hispanic,M,75-84,1,27717
2127,2011,ROS,White Non Hispanic,M,65-74,6,27717
2128,2011,ROS,White Non Hispanic,M,19-Oct,13,27717
2129,2011,ROS,White Non Hispanic,M,55-64,39,27717
2130,2011,ROS,White Non Hispanic,M,20-24,70,27717
2131,2011,ROS,White Non Hispanic,M,35-44,94,27717
2132,2011,ROS,White Non Hispanic,M,45-54,119,27717
2133,2011,ROS,White Non Hispanic,M,25-34,143,27717
2140,2012,NYC,Black Non Hispanic,F,20-24,1,27717
2141,2012,NYC,Black Non Hispanic,F,75-84,1,27717
2142,2012,NYC,Black Non Hispanic,F,25-34,3,27717
2143,2012,NYC,Black Non Hispanic,F,55-64,3,27717
2144,2012,NYC,Black Non Hispanic,F,35-44,12,27717
2145,2012,NYC,Black Non Hispanic,F,45-54,17,27717
2151,2012,NYC,Black Non Hispanic,M,19-Oct,1,27717
2152,2012,NYC,Black Non Hispanic,M,20-24,1,27717
2153,2012,NYC,Black Non Hispanic,M,65-74,1,27717
2154,2012,NYC,Black Non Hispanic,M,35-44,6,27717
2155,2012,NYC,Black Non Hispanic,M,25-34,12,27717
2156,2012,NYC,Black Non Hispanic,M,55-64,14,27717
2157,2012,NYC,Black Non Hispanic,M,45-54,20,27717
2164,2012,NYC,Hispanic,F,20-24,1,27717
2165,2012,NYC,Hispanic,F,65-74,1,27717
2166,2012,NYC,Hispanic,F,35-44,4,27717
2167,2012,NYC,Hispanic,F,55-64,5,27717
2168,2012,NYC,Hispanic,F,25-34,7,27717
2169,2012,NYC,Hispanic,F,45-54,7,27717
2174,2012,NYC,Hispanic,M,9-Jan,1,27717
2175,2012,NYC,Hispanic,M,65-74,2,27717
2176,2012,NYC,Hispanic,M,19-Oct,3,27717
2177,2012,NYC,Hispanic,M,20-24,8,27717
2178,2012,NYC,Hispanic,M,25-34,21,27717
2179,2012,NYC,Hispanic,M,55-64,22,27717
2180,2012,NYC,Hispanic,M,35-44,24,27717
2181,2012,NYC,Hispanic,M,45-54,35,27717
2192,2012,NYC,Not Stated,F,35-44,1,27717
2193,2012,NYC,Not Stated,F,45-54,1,27717
2204,2012,NYC,Not Stated,M,55-64,2,27717
2205,2012,NYC,Not Stated,M,45-54,3,27717
2217,2012,NYC,Other Non Hispanic,F,25-34,1,27717
2226,2012,NYC,Other Non Hispanic,M,19-Oct,1,27717
2227,2012,NYC,Other Non Hispanic,M,25-34,1,27717
2228,2012,NYC,Other Non Hispanic,M,35-44,1,27717
2229,2012,NYC,Other Non Hispanic,M,45-54,1,27717
2234,2012,NYC,White Non Hispanic,F,65-74,1,27717
2235,2012,NYC,White Non Hispanic,F,85+,1,27717
2236,2012,NYC,White Non Hispanic,F,<1,1,27717
2237,2012,NYC,White Non Hispanic,F,20-24,5,27717
2238,2012,NYC,White Non Hispanic,F,55-64,10,27717
2239,2012,NYC,White Non Hispanic,F,35-44,11,27717
2240,2012,NYC,White Non Hispanic,F,25-34,14,27717
2241,2012,NYC,White Non Hispanic,F,45-54,29,27717
2247,2012,NYC,White Non Hispanic,M,65-74,1,27717
2248,2012,NYC,White Non Hispanic,M,19-Oct,2,27717
2249,2012,NYC,White Non Hispanic,M,20-24,18,27717
2250,2012,NYC,White Non Hispanic,M,55-64,28,27717
2251,2012,NYC,White Non Hispanic,M,35-44,48,27717
2252,2012,NYC,White Non Hispanic,M,45-54,52,27717
2253,2012,NYC,White Non Hispanic,M,25-34,54,27717
2262,2012,ROS,Black Non Hispanic,F,25-34,2,27717
2263,2012,ROS,Black Non Hispanic,F,45-54,3,27717
2264,2012,ROS,Black Non Hispanic,F,55-64,3,27717
2265,2012,ROS,Black Non Hispanic,F,35-44,4,27717
2270,2012,ROS,Black Non Hispanic,M,9-Jan,1,27717
2271,2012,ROS,Black Non Hispanic,M,85+,1,27717
2272,2012,ROS,Black Non Hispanic,M,20-24,2,27717
2273,2012,ROS,Black Non Hispanic,M,65-74,2,27717
2274,2012,ROS,Black Non Hispanic,M,35-44,4,27717
2275,2012,ROS,Black Non Hispanic,M,25-34,5,27717
2276,2012,ROS,Black Non Hispanic,M,55-64,7,27717
2277,2012,ROS,Black Non Hispanic,M,45-54,8,27717
2284,2012,ROS,Hispanic,F,25-34,1,27717
2285,2012,ROS,Hispanic,F,65-74,1,27717
2286,2012,ROS,Hispanic,F,45-54,2,27717
2287,2012,ROS,Hispanic,F,55-64,2,27717
2288,2012,ROS,Hispanic,F,20-24,3,27717
2289,2012,ROS,Hispanic,F,35-44,3,27717
2296,2012,ROS,Hispanic,M,65-74,1,27717
2297,2012,ROS,Hispanic,M,55-64,2,27717
2298,2012,ROS,Hispanic,M,35-44,5,27717
2299,2012,ROS,Hispanic,M,20-24,7,27717
2300,2012,ROS,Hispanic,M,25-34,7,27717
2301,2012,ROS,Hispanic,M,45-54,11,27717
2312,2012,ROS,Not Stated,F,35-44,1,27717
2323,2012,ROS,Not Stated,M,25-34,1,27717
2324,2012,ROS,Not Stated,M,35-44,1,27717
2346,2012,ROS,Other Non Hispanic,M,65-74,1,27717
2347,2012,ROS,Other Non Hispanic,M,20-24,2,27717
2348,2012,ROS,Other Non Hispanic,M,35-44,4,27717
2353,2012,ROS,White Non Hispanic,F,85+,1,27717
2354,2012,ROS,White Non Hispanic,F,75-84,3,27717
2355,2012,ROS,White Non Hispanic,F,65-74,8,27717
2356,2012,ROS,White Non Hispanic,F,20-24,19,27717
2357,2012,ROS,White Non Hispanic,F,35-44,44,27717
2358,2012,ROS,White Non Hispanic,F,25-34,49,27717
2359,2012,ROS,White Non Hispanic,F,55-64,53,27717
2360,2012,ROS,White Non Hispanic,F,45-54,64,27717
2363,2012,ROS,White Non Hispanic,M,<1,1,27717
2364,2012,ROS,White Non Hispanic,M,75-84,2,27717
2365,2012,ROS,White Non Hispanic,M,85+,2,27717
2366,2012,ROS,White Non Hispanic,M,65-74,8,27717
2367,2012,ROS,White Non Hispanic,M,19-Oct,12,27717
2368,2012,ROS,White Non Hispanic,M,55-64,56,27717
2369,2012,ROS,White Non Hispanic,M,20-24,64,27717
2370,2012,ROS,White Non Hispanic,M,35-44,104,27717
2371,2012,ROS,White Non Hispanic,M,45-54,117,27717
2372,2012,ROS,White Non Hispanic,M,25-34,150,27717
2380,2013,NYC,Black Non Hispanic,F,20-24,3,27717
2381,2013,NYC,Black Non Hispanic,F,25-34,3,27717
2382,2013,NYC,Black Non Hispanic,F,35-44,3,27717
2383,2013,NYC,Black Non Hispanic,F,55-64,10,27717
2384,2013,NYC,Black Non Hispanic,F,45-54,12,27717
2390,2013,NYC,Black Non Hispanic,M,20-24,1,27717
2391,2013,NYC,Black Non Hispanic,M,25-34,1,27717
2392,2013,NYC,Black Non Hispanic,M,19-Oct,2,27717
2393,2013,NYC,Black Non Hispanic,M,65-74,4,27717
2394,2013,NYC,Black Non Hispanic,M,35-44,6,27717
2395,2013,NYC,Black Non Hispanic,M,45-54,16,27717
2396,2013,NYC,Black Non Hispanic,M,55-64,17,27717
2402,2013,NYC,Hispanic,F,19-Oct,1,27717
2403,2013,NYC,Hispanic,F,65-74,1,27717
2404,2013,NYC,Hispanic,F,20-24,3,27717
2405,2013,NYC,Hispanic,F,35-44,7,27717
2406,2013,NYC,Hispanic,F,55-64,9,27717
2407,2013,NYC,Hispanic,F,45-54,11,27717
2408,2013,NYC,Hispanic,F,25-34,12,27717
2415,2013,NYC,Hispanic,M,20-24,5,27717
2416,2013,NYC,Hispanic,M,65-74,5,27717
2417,2013,NYC,Hispanic,M,55-64,18,27717
2418,2013,NYC,Hispanic,M,25-34,22,27717
2419,2013,NYC,Hispanic,M,35-44,24,27717
2420,2013,NYC,Hispanic,M,45-54,37,27717
2429,2013,NYC,Not Stated,F,35-44,1,27717
2430,2013,NYC,Not Stated,F,45-54,1,27717
2431,2013,NYC,Not Stated,F,55-64,1,27717
2432,2013,NYC,Not Stated,F,65-74,1,27717
2440,2013,NYC,Not Stated,M,20-24,1,27717
2441,2013,NYC,Not Stated,M,65-74,1,27717
2442,2013,NYC,Not Stated,M,35-44,2,27717
2443,2013,NYC,Not Stated,M,45-54,4,27717
2444,2013,NYC,Not Stated,M,55-64,5,27717
2455,2013,NYC,Other Non Hispanic,F,45-54,1,27717
2456,2013,NYC,Other Non Hispanic,F,55-64,1,27717
2465,2013,NYC,Other Non Hispanic,M,20-24,1,27717
2466,2013,NYC,Other Non Hispanic,M,25-34,1,27717
2467,2013,NYC,Other Non Hispanic,M,65-74,1,27717
2468,2013,NYC,Other Non Hispanic,M,35-44,4,27717
2474,2013,NYC,White Non Hispanic,F,20-24,3,27717
2475,2013,NYC,White Non Hispanic,F,75-84,3,27717
2476,2013,NYC,White Non Hispanic,F,65-74,5,27717
2477,2013,NYC,White Non Hispanic,F,25-34,7,27717
2478,2013,NYC,White Non Hispanic,F,35-44,14,27717
2479,2013,NYC,White Non Hispanic,F,55-64,15,27717
2480,2013,NYC,White Non Hispanic,F,45-54,20,27717
2484,2013,NYC,White Non Hispanic,M,19-Oct,1,27717
2485,2013,NYC,White Non Hispanic,M,75-84,1,27717
2486,2013,NYC,White Non Hispanic,M,85+,1,27717
2487,2013,NYC,White Non Hispanic,M,65-74,5,27717
2488,2013,NYC,White Non Hispanic,M,20-24,13,27717
2489,2013,NYC,White Non Hispanic,M,55-64,32,27717
2490,2013,NYC,White Non Hispanic,M,35-44,35,27717
2491,2013,NYC,White Non Hispanic,M,25-34,45,27717
2492,2013,NYC,White Non Hispanic,M,45-54,50,27717
2500,2013,ROS,Black Non Hispanic,F,9-Jan,1,27717
2501,2013,ROS,Black Non Hispanic,F,25-34,2,27717
2502,2013,ROS,Black Non Hispanic,F,35-44,2,27717
2503,2013,ROS,Black Non Hispanic,F,55-64,7,27717
2504,2013,ROS,Black Non Hispanic,F,45-54,8,27717
2511,2013,ROS,Black Non Hispanic,M,65-74,2,27717
2512,2013,ROS,Black Non Hispanic,M,20-24,3,27717
2513,2013,ROS,Black Non Hispanic,M,25-34,4,27717
2514,2013,ROS,Black Non Hispanic,M,35-44,8,27717
2515,2013,ROS,Black Non Hispanic,M,55-64,12,27717
2516,2013,ROS,Black Non Hispanic,M,45-54,13,27717
2524,2013,ROS,Hispanic,F,20-24,1,27717
2525,2013,ROS,Hispanic,F,55-64,1,27717
2526,2013,ROS,Hispanic,F,25-34,2,27717
2527,2013,ROS,Hispanic,F,35-44,4,27717
2528,2013,ROS,Hispanic,F,45-54,5,27717
2534,2013,ROS,Hispanic,M,65-74,1,27717
2535,2013,ROS,Hispanic,M,20-24,4,27717
2536,2013,ROS,Hispanic,M,19-Oct,5,27717
2537,2013,ROS,Hispanic,M,55-64,6,27717
2538,2013,ROS,Hispanic,M,45-54,13,27717
2539,2013,ROS,Hispanic,M,35-44,16,27717
2540,2013,ROS,Hispanic,M,25-34,19,27717
2561,2013,ROS,Not Stated,M,20-24,1,27717
2562,2013,ROS,Not Stated,M,55-64,1,27717
2584,2013,ROS,Other Non Hispanic,M,35-44,1,27717
2585,2013,ROS,Other Non Hispanic,M,20-24,2,27717
2586,2013,ROS,Other Non Hispanic,M,25-34,3,27717
2591,2013,ROS,White Non Hispanic,F,75-84,6,27717
2592,2013,ROS,White Non Hispanic,F,19-Oct,7,27717
2593,2013,ROS,White Non Hispanic,F,65-74,8,27717
2594,2013,ROS,White Non Hispanic,F,20-24,26,27717
2595,2013,ROS,White Non Hispanic,F,55-64,50,27717
2596,2013,ROS,White Non Hispanic,F,25-34,51,27717
2597,2013,ROS,White Non Hispanic,F,35-44,52,27717
2598,2013,ROS,White Non Hispanic,F,45-54,98,27717
2600,2013,ROS,White Non Hispanic,M,9-Jan,1,27717
2601,2013,ROS,White Non Hispanic,M,75-84,1,27717
2602,2013,ROS,White Non Hispanic,M,85+,1,27717
2603,2013,ROS,White Non Hispanic,M,<1,1,27717
2604,2013,ROS,White Non Hispanic,M,19-Oct,14,27717
2605,2013,ROS,White Non Hispanic,M,65-74,14,27717
2606,2013,ROS,White Non Hispanic,M,55-64,78,27717
2607,2013,ROS,White Non Hispanic,M,20-24,93,27717
2608,2013,ROS,White Non Hispanic,M,35-44,120,27717
2609,2013,ROS,White Non Hispanic,M,45-54,120,27717
2610,2013,ROS,White Non Hispanic,M,25-34,207,27717
2617,2014,NYC,Black Non Hispanic,F,9-Jan,1,27717
2618,2014,NYC,Black Non Hispanic,F,25-34,3,27717
2619,2014,NYC,Black Non Hispanic,F,65-74,3,27717
2620,2014,NYC,Black Non Hispanic,F,35-44,4,27717
2621,2014,NYC,Black Non Hispanic,F,55-64,10,27717
2622,2014,NYC,Black Non Hispanic,F,45-54,16,27717
2630,2014,NYC,Black Non Hispanic,M,65-74,3,27717
2631,2014,NYC,Black Non Hispanic,M,25-34,4,27717
2632,2014,NYC,Black Non Hispanic,M,35-44,6,27717
2633,2014,NYC,Black Non Hispanic,M,55-64,16,27717
2634,2014,NYC,Black Non Hispanic,M,45-54,19,27717
2642,2014,NYC,Hispanic,F,65-74,1,27717
2643,2014,NYC,Hispanic,F,25-34,5,27717
2644,2014,NYC,Hispanic,F,45-54,6,27717
2645,2014,NYC,Hispanic,F,55-64,6,27717
2646,2014,NYC,Hispanic,F,35-44,9,27717
2651,2014,NYC,Hispanic,M,19-Oct,1,27717
2652,2014,NYC,Hispanic,M,75-84,1,27717
2653,2014,NYC,Hispanic,M,65-74,3,27717
2654,2014,NYC,Hispanic,M,20-24,7,27717
2655,2014,NYC,Hispanic,M,25-34,16,27717
2656,2014,NYC,Hispanic,M,55-64,20,27717
2657,2014,NYC,Hispanic,M,35-44,22,27717
2658,2014,NYC,Hispanic,M,45-54,30,27717
2668,2014,NYC,Not Stated,F,45-54,1,27717
2669,2014,NYC,Not Stated,F,35-44,2,27717
2670,2014,NYC,Not Stated,F,55-64,2,27717
2678,2014,NYC,Not Stated,M,20-24,1,27717
2679,2014,NYC,Not Stated,M,45-54,1,27717
2680,2014,NYC,Not Stated,M,25-34,2,27717
2681,2014,NYC,Not Stated,M,35-44,2,27717
2682,2014,NYC,Not Stated,M,55-64,2,27717
2692,2014,NYC,Other Non Hispanic,F,55-64,1,27717
2693,2014,NYC,Other Non Hispanic,F,19-Oct,2,27717
2694,2014,NYC,Other Non Hispanic,F,45-54,2,27717
2705,2014,NYC,Other Non Hispanic,M,20-24,1,27717
2706,2014,NYC,Other Non Hispanic,M,35-44,3,27717
2711,2014,NYC,White Non Hispanic,F,75-84,1,27717
2712,2014,NYC,White Non Hispanic,F,19-Oct,2,27717
2713,2014,NYC,White Non Hispanic,F,65-74,3,27717
2714,2014,NYC,White Non Hispanic,F,35-44,7,27717
2715,2014,NYC,White Non Hispanic,F,20-24,9,27717
2716,2014,NYC,White Non Hispanic,F,55-64,17,27717
2717,2014,NYC,White Non Hispanic,F,25-34,20,27717
2718,2014,NYC,White Non Hispanic,F,45-54,24,27717
2723,2014,NYC,White Non Hispanic,M,85+,1,27717
2724,2014,NYC,White Non Hispanic,M,19-Oct,5,27717
2725,2014,NYC,White Non Hispanic,M,65-74,5,27717
2726,2014,NYC,White Non Hispanic,M,20-24,21,27717
2727,2014,NYC,White Non Hispanic,M,55-64,27,27717
2728,2014,NYC,White Non Hispanic,M,45-54,51,27717
2729,2014,NYC,White Non Hispanic,M,35-44,57,27717
2730,2014,NYC,White Non Hispanic,M,25-34,62,27717
2737,2014,ROS,Black Non Hispanic,F,20-24,1,27717
2738,2014,ROS,Black Non Hispanic,F,65-74,1,27717
2739,2014,ROS,Black Non Hispanic,F,35-44,4,27717
2740,2014,ROS,Black Non Hispanic,F,55-64,4,27717
2741,2014,ROS,Black Non Hispanic,F,45-54,5,27717
2742,2014,ROS,Black Non Hispanic,F,25-34,6,27717
2750,2014,ROS,Black Non Hispanic,M,20-24,1,27717
2751,2014,ROS,Black Non Hispanic,M,25-34,8,27717
2752,2014,ROS,Black Non Hispanic,M,35-44,9,27717
2753,2014,ROS,Black Non Hispanic,M,45-54,12,27717
2754,2014,ROS,Black Non Hispanic,M,55-64,12,27717
2763,2014,ROS,Hispanic,F,20-24,1,27717
2764,2014,ROS,Hispanic,F,25-34,5,27717
2765,2014,ROS,Hispanic,F,35-44,7,27717
2766,2014,ROS,Hispanic,F,45-54,9,27717
2773,2014,ROS,Hispanic,M,65-74,1,27717
2774,2014,ROS,Hispanic,M,55-64,3,27717
2775,2014,ROS,Hispanic,M,20-24,4,27717
2776,2014,ROS,Hispanic,M,45-54,14,27717
2777,2014,ROS,Hispanic,M,25-34,15,27717
2778,2014,ROS,Hispanic,M,35-44,19,27717
2800,2014,ROS,Not Stated,M,25-34,2,27717
2811,2014,ROS,Other Non Hispanic,F,20-24,1,27717
2812,2014,ROS,Other Non Hispanic,F,25-34,1,27717
2821,2014,ROS,Other Non Hispanic,M,20-24,1,27717
2822,2014,ROS,Other Non Hispanic,M,45-54,1,27717
2823,2014,ROS,Other Non Hispanic,M,55-64,2,27717
2824,2014,ROS,Other Non Hispanic,M,25-34,4,27717
2828,2014,ROS,White Non Hispanic,F,75-84,4,27717
2829,2014,ROS,White Non Hispanic,F,85+,4,27717
2830,2014,ROS,White Non Hispanic,F,19-Oct,7,27717
2831,2014,ROS,White Non Hispanic,F,65-74,13,27717
2832,2014,ROS,White Non Hispanic,F,20-24,27,27717
2833,2014,ROS,White Non Hispanic,F,55-64,60,27717
2834,2014,ROS,White Non Hispanic,F,25-34,66,27717
2835,2014,ROS,White Non Hispanic,F,35-44,69,27717
2836,2014,ROS,White Non Hispanic,F,45-54,81,27717
2842,2014,ROS,White Non Hispanic,M,19-Oct,9,27717
2843,2014,ROS,White Non Hispanic,M,65-74,10,27717
2844,2014,ROS,White Non Hispanic,M,55-64,72,27717
2845,2014,ROS,White Non Hispanic,M,20-24,89,27717
2846,2014,ROS,White Non Hispanic,M,35-44,128,27717
2847,2014,ROS,White Non Hispanic,M,45-54,148,27717
2848,2014,ROS,White Non Hispanic,M,25-34,213,27717
2856,2015,NYC,Black Non Hispanic,F,20-24,1,27717
2857,2015,NYC,Black Non Hispanic,F,35-44,3,27717
2858,2015,NYC,Black Non Hispanic,F,25-34,4,27717
2859,2015,NYC,Black Non Hispanic,F,55-64,10,27717
2860,2015,NYC,Black Non Hispanic,F,45-54,15,27717
2868,2015,NYC,Black Non Hispanic,M,65-74,7,27717
2869,2015,NYC,Black Non Hispanic,M,35-44,9,27717
2870,2015,NYC,Black Non Hispanic,M,25-34,11,27717
2871,2015,NYC,Black Non Hispanic,M,45-54,21,27717
2872,2015,NYC,Black Non Hispanic,M,55-64,22,27717
2878,2015,NYC,Hispanic,F,19-Oct,1,27717
2879,2015,NYC,Hispanic,F,65-74,3,27717
2880,2015,NYC,Hispanic,F,20-24,6,27717
2881,2015,NYC,Hispanic,F,55-64,8,27717
2882,2015,NYC,Hispanic,F,25-34,11,27717
2883,2015,NYC,Hispanic,F,35-44,15,27717
2884,2015,NYC,Hispanic,F,45-54,15,27717
2890,2015,NYC,Hispanic,M,19-Oct,1,27717
2891,2015,NYC,Hispanic,M,65-74,2,27717
2892,2015,NYC,Hispanic,M,20-24,12,27717
2893,2015,NYC,Hispanic,M,55-64,18,27717
2894,2015,NYC,Hispanic,M,25-34,36,27717
2895,2015,NYC,Hispanic,M,35-44,38,27717
2896,2015,NYC,Hispanic,M,45-54,52,27717
2905,2015,NYC,Not Stated,F,20-24,1,27717
2906,2015,NYC,Not Stated,F,25-34,1,27717
2907,2015,NYC,Not Stated,F,45-54,2,27717
2908,2015,NYC,Not Stated,F,55-64,2,27717
2917,2015,NYC,Not Stated,M,25-34,3,27717
2918,2015,NYC,Not Stated,M,35-44,3,27717
2919,2015,NYC,Not Stated,M,45-54,4,27717
2920,2015,NYC,Not Stated,M,55-64,5,27717
2939,2015,NYC,Other Non Hispanic,M,19-Oct,1,27717
2940,2015,NYC,Other Non Hispanic,M,35-44,1,27717
2941,2015,NYC,Other Non Hispanic,M,45-54,1,27717
2942,2015,NYC,Other Non Hispanic,M,55-64,1,27717
2943,2015,NYC,Other Non Hispanic,M,20-24,2,27717
2944,2015,NYC,Other Non Hispanic,M,25-34,8,27717
2950,2015,NYC,White Non Hispanic,F,19-Oct,2,27717
2951,2015,NYC,White Non Hispanic,F,65-74,2,27717
2952,2015,NYC,White Non Hispanic,F,20-24,3,27717
2953,2015,NYC,White Non Hispanic,F,25-34,15,27717
2954,2015,NYC,White Non Hispanic,F,55-64,15,27717
2955,2015,NYC,White Non Hispanic,F,35-44,20,27717
2956,2015,NYC,White Non Hispanic,F,45-54,23,27717
2961,2015,NYC,White Non Hispanic,M,75-84,2,27717
2962,2015,NYC,White Non Hispanic,M,19-Oct,3,27717
2963,2015,NYC,White Non Hispanic,M,65-74,9,27717
2964,2015,NYC,White Non Hispanic,M,20-24,18,27717
2965,2015,NYC,White Non Hispanic,M,55-64,37,27717
2966,2015,NYC,White Non Hispanic,M,35-44,46,27717
2967,2015,NYC,White Non Hispanic,M,25-34,48,27717
2968,2015,NYC,White Non Hispanic,M,45-54,69,27717
2974,2015,ROS,Black Non Hispanic,F,19-Oct,1,27717
2975,2015,ROS,Black Non Hispanic,F,20-24,1,27717
2976,2015,ROS,Black Non Hispanic,F,35-44,2,27717
2977,2015,ROS,Black Non Hispanic,F,25-34,4,27717
2978,2015,ROS,Black Non Hispanic,F,65-74,4,27717
2979,2015,ROS,Black Non Hispanic,F,55-64,5,27717
2980,2015,ROS,Black Non Hispanic,F,45-54,8,27717
2987,2015,ROS,Black Non Hispanic,M,20-24,3,27717
2988,2015,ROS,Black Non Hispanic,M,65-74,4,27717
2989,2015,ROS,Black Non Hispanic,M,25-34,11,27717
2990,2015,ROS,Black Non Hispanic,M,35-44,12,27717
2991,2015,ROS,Black Non Hispanic,M,45-54,14,27717
2992,2015,ROS,Black Non Hispanic,M,55-64,14,27717
2999,2015,ROS,Hispanic,F,19-Oct,1,27717
3000,2015,ROS,Hispanic,F,20-24,2,27717
3001,2015,ROS,Hispanic,F,25-34,3,27717
3002,2015,ROS,Hispanic,F,35-44,3,27717
3003,2015,ROS,Hispanic,F,55-64,3,27717
3004,2015,ROS,Hispanic,F,45-54,7,27717
3010,2015,ROS,Hispanic,M,19-Oct,2,27717
3011,2015,ROS,Hispanic,M,65-74,2,27717
3012,2015,ROS,Hispanic,M,55-64,5,27717
3013,2015,ROS,Hispanic,M,20-24,8,27717
3014,2015,ROS,Hispanic,M,45-54,13,27717
3015,2015,ROS,Hispanic,M,25-34,19,27717
3016,2015,ROS,Hispanic,M,35-44,22,27717
3026,2015,ROS,Not Stated,F,55-64,1,27717
3027,2015,ROS,Not Stated,F,35-44,2,27717
3036,2015,ROS,Not Stated,M,35-44,1,27717
3037,2015,ROS,Not Stated,M,55-64,1,27717
3038,2015,ROS,Not Stated,M,20-24,3,27717
3039,2015,ROS,Not Stated,M,45-54,5,27717
3050,2015,ROS,Other Non Hispanic,F,45-54,1,27717
3051,2015,ROS,Other Non Hispanic,F,25-34,2,27717
3058,2015,ROS,Other Non Hispanic,M,19-Oct,1,27717
3059,2015,ROS,Other Non Hispanic,M,45-54,1,27717
3060,2015,ROS,Other Non Hispanic,M,55-64,2,27717
3061,2015,ROS,Other Non Hispanic,M,35-44,3,27717
3062,2015,ROS,Other Non Hispanic,M,20-24,4,27717
3063,2015,ROS,Other Non Hispanic,M,25-34,4,27717
3065,2015,ROS,White Non Hispanic,F,<1,1,27717
3066,2015,ROS,White Non Hispanic,F,9-Jan,2,27717
3067,2015,ROS,White Non Hispanic,F,85+,2,27717
3068,2015,ROS,White Non Hispanic,F,75-84,3,27717
3069,2015,ROS,White Non Hispanic,F,65-74,5,27717
3070,2015,ROS,White Non Hispanic,F,19-Oct,13,27717
3071,2015,ROS,White Non Hispanic,F,20-24,25,27717
3072,2015,ROS,White Non Hispanic,F,55-64,53,27717
3073,2015,ROS,White Non Hispanic,F,35-44,74,27717
3074,2015,ROS,White Non Hispanic,F,45-54,85,27717
3075,2015,ROS,White Non Hispanic,F,25-34,100,27717
3080,2015,ROS,White Non Hispanic,M,75-84,3,27717
3081,2015,ROS,White Non Hispanic,M,19-Oct,14,27717
3082,2015,ROS,White Non Hispanic,M,65-74,19,27717
3083,2015,ROS,White Non Hispanic,M,55-64,96,27717
3084,2015,ROS,White Non Hispanic,M,20-24,115,27717
3085,2015,ROS,White Non Hispanic,M,45-54,172,27717
3086,2015,ROS,White Non Hispanic,M,35-44,185,27717
3087,2015,ROS,White Non Hispanic,M,25-34,308,27717
3094,2016,NYC,Black Non Hispanic,F,20-24,1,27717
3095,2016,NYC,Black Non Hispanic,F,65-74,2,27717
3096,2016,NYC,Black Non Hispanic,F,25-34,7,27717
3097,2016,NYC,Black Non Hispanic,F,35-44,13,27717
3098,2016,NYC,Black Non Hispanic,F,45-54,17,27717
3099,2016,NYC,Black Non Hispanic,F,55-64,18,27717
3105,2016,NYC,Black Non Hispanic,M,75-84,1,27717
3106,2016,NYC,Black Non Hispanic,M,20-24,5,27717
3107,2016,NYC,Black Non Hispanic,M,65-74,8,27717
3108,2016,NYC,Black Non Hispanic,M,35-44,12,27717
3109,2016,NYC,Black Non Hispanic,M,25-34,13,27717
3110,2016,NYC,Black Non Hispanic,M,45-54,44,27717
3111,2016,NYC,Black Non Hispanic,M,55-64,61,27717
3118,2016,NYC,Hispanic,F,20-24,2,27717
3119,2016,NYC,Hispanic,F,19-Oct,3,27717
3120,2016,NYC,Hispanic,F,55-64,8,27717
3121,2016,NYC,Hispanic,F,25-34,11,27717
3122,2016,NYC,Hispanic,F,35-44,21,27717
3123,2016,NYC,Hispanic,F,45-54,26,27717
3128,2016,NYC,Hispanic,M,19-Oct,1,27717
3129,2016,NYC,Hispanic,M,75-84,1,27717
3130,2016,NYC,Hispanic,M,65-74,6,27717
3131,2016,NYC,Hispanic,M,20-24,15,27717
3132,2016,NYC,Hispanic,M,25-34,40,27717
3133,2016,NYC,Hispanic,M,55-64,58,27717
3134,2016,NYC,Hispanic,M,35-44,60,27717
3135,2016,NYC,Hispanic,M,45-54,80,27717
3145,2016,NYC,Not Stated,F,45-54,1,27717
3146,2016,NYC,Not Stated,F,35-44,2,27717
3147,2016,NYC,Not Stated,F,55-64,2,27717
3156,2016,NYC,Not Stated,M,20-24,2,27717
3157,2016,NYC,Not Stated,M,35-44,2,27717
3158,2016,NYC,Not Stated,M,25-34,4,27717
3159,2016,NYC,Not Stated,M,45-54,4,27717
3169,2016,NYC,Other Non Hispanic,F,20-24,1,27717
3170,2016,NYC,Other Non Hispanic,F,25-34,1,27717
3171,2016,NYC,Other Non Hispanic,F,35-44,1,27717
3179,2016,NYC,Other Non Hispanic,M,35-44,1,27717
3180,2016,NYC,Other Non Hispanic,M,65-74,1,27717
3181,2016,NYC,Other Non Hispanic,M,45-54,2,27717
3182,2016,NYC,Other Non Hispanic,M,25-34,4,27717
3183,2016,NYC,Other Non Hispanic,M,20-24,7,27717
3188,2016,NYC,White Non Hispanic,F,19-Oct,1,27717
3189,2016,NYC,White Non Hispanic,F,75-84,3,27717
3190,2016,NYC,White Non Hispanic,F,20-24,5,27717
3191,2016,NYC,White Non Hispanic,F,65-74,9,27717
3192,2016,NYC,White Non Hispanic,F,55-64,19,27717
3193,2016,NYC,White Non Hispanic,F,35-44,20,27717
3194,2016,NYC,White Non Hispanic,F,25-34,24,27717
3195,2016,NYC,White Non Hispanic,F,45-54,30,27717
3199,2016,NYC,White Non Hispanic,M,85+,1,27717
3200,2016,NYC,White Non Hispanic,M,75-84,2,27717
3201,2016,NYC,White Non Hispanic,M,19-Oct,4,27717
3202,2016,NYC,White Non Hispanic,M,65-74,17,27717
3203,2016,NYC,White Non Hispanic,M,20-24,27,27717
3204,2016,NYC,White Non Hispanic,M,55-64,45,27717
3205,2016,NYC,White Non Hispanic,M,35-44,70,27717
3206,2016,NYC,White Non Hispanic,M,45-54,86,27717
3207,2016,NYC,White Non Hispanic,M,25-34,101,27717
3212,2016,ROS,Black Non Hispanic,F,9-Jan,1,27717
3213,2016,ROS,Black Non Hispanic,F,19-Oct,1,27717
3214,2016,ROS,Black Non Hispanic,F,65-74,1,27717
3215,2016,ROS,Black Non Hispanic,F,20-24,5,27717
3216,2016,ROS,Black Non Hispanic,F,55-64,5,27717
3217,2016,ROS,Black Non Hispanic,F,25-34,6,27717
3218,2016,ROS,Black Non Hispanic,F,35-44,8,27717
3219,2016,ROS,Black Non Hispanic,F,45-54,17,27717
3224,2016,ROS,Black Non Hispanic,M,75-84,1,27717
3225,2016,ROS,Black Non Hispanic,M,19-Oct,2,27717
3226,2016,ROS,Black Non Hispanic,M,20-24,5,27717
3227,2016,ROS,Black Non Hispanic,M,65-74,6,27717
3228,2016,ROS,Black Non Hispanic,M,35-44,18,27717
3229,2016,ROS,Black Non Hispanic,M,25-34,21,27717
3230,2016,ROS,Black Non Hispanic,M,55-64,24,27717
3231,2016,ROS,Black Non Hispanic,M,45-54,26,27717
3239,2016,ROS,Hispanic,F,20-24,3,27717
3240,2016,ROS,Hispanic,F,55-64,3,27717
3241,2016,ROS,Hispanic,F,35-44,5,27717
3242,2016,ROS,Hispanic,F,45-54,6,27717
3243,2016,ROS,Hispanic,F,25-34,12,27717
3250,2016,ROS,Hispanic,M,19-Oct,2,27717
3251,2016,ROS,Hispanic,M,55-64,11,27717
3252,2016,ROS,Hispanic,M,20-24,16,27717
3253,2016,ROS,Hispanic,M,45-54,21,27717
3254,2016,ROS,Hispanic,M,35-44,25,27717
3255,2016,ROS,Hispanic,M,25-34,47,27717
3265,2016,ROS,Not Stated,F,35-44,1,27717
3266,2016,ROS,Not Stated,F,25-34,3,27717
3275,2016,ROS,Not Stated,M,19-Oct,1,27717
3276,2016,ROS,Not Stated,M,25-34,1,27717
3277,2016,ROS,Not Stated,M,55-64,1,27717
3278,2016,ROS,Not Stated,M,35-44,2,27717
3287,2016,ROS,Other Non Hispanic,F,35-44,1,27717
3288,2016,ROS,Other Non Hispanic,F,55-64,1,27717
3289,2016,ROS,Other Non Hispanic,F,45-54,2,27717
3290,2016,ROS,Other Non Hispanic,F,25-34,5,27717
3299,2016,ROS,Other Non Hispanic,M,45-54,1,27717
3300,2016,ROS,Other Non Hispanic,M,20-24,3,27717
3301,2016,ROS,Other Non Hispanic,M,55-64,3,27717
3302,2016,ROS,Other Non Hispanic,M,25-34,9,27717
3307,2016,ROS,White Non Hispanic,F,75-84,6,27717
3308,2016,ROS,White Non Hispanic,F,19-Oct,8,27717
3309,2016,ROS,White Non Hispanic,F,65-74,13,27717
3310,2016,ROS,White Non Hispanic,F,20-24,46,27717
3311,2016,ROS,White Non Hispanic,F,55-64,69,27717
3312,2016,ROS,White Non Hispanic,F,45-54,99,27717
3313,2016,ROS,White Non Hispanic,F,35-44,116,27717
3314,2016,ROS,White Non Hispanic,F,25-34,145,27717
3317,2016,ROS,White Non Hispanic,M,9-Jan,1,27717
3318,2016,ROS,White Non Hispanic,M,75-84,3,27717
3319,2016,ROS,White Non Hispanic,M,85+,3,27717
3320,2016,ROS,White Non Hispanic,M,19-Oct,20,27717
3321,2016,ROS,White Non Hispanic,M,65-74,24,27717
3322,2016,ROS,White Non Hispanic,M,55-64,112,27717
3323,2016,ROS,White Non Hispanic,M,20-24,139,27717
3324,2016,ROS,White Non Hispanic,M,45-54,212,27717
3325,2016,ROS,White Non Hispanic,M,35-44,268,27717
3326,2016,ROS,White Non Hispanic,M,25-34,419,27717
3334,2017,NYC,Black Non Hispanic,F,65-74,2,27717
3335,2017,NYC,Black Non Hispanic,F,25-34,11,27717
3336,2017,NYC,Black Non Hispanic,F,35-44,11,27717
3337,2017,NYC,Black Non Hispanic,F,55-64,20,27717
3338,2017,NYC,Black Non Hispanic,F,45-54,25,27717
3344,2017,NYC,Black Non Hispanic,M,20-24,2,27717
3345,2017,NYC,Black Non Hispanic,M,75-84,2,27717
3346,2017,NYC,Black Non Hispanic,M,25-34,21,27717
3347,2017,NYC,Black Non Hispanic,M,35-44,23,27717
3348,2017,NYC,Black Non Hispanic,M,65-74,23,27717
3349,2017,NYC,Black Non Hispanic,M,55-64,58,27717
3350,2017,NYC,Black Non Hispanic,M,45-54,59,27717
3357,2017,NYC,Hispanic,F,65-74,3,27717
3358,2017,NYC,Hispanic,F,20-24,5,27717
3359,2017,NYC,Hispanic,F,25-34,6,27717
3360,2017,NYC,Hispanic,F,35-44,9,27717
3361,2017,NYC,Hispanic,F,55-64,12,27717
3362,2017,NYC,Hispanic,F,45-54,19,27717
3367,2017,NYC,Hispanic,M,75-84,1,27717
3368,2017,NYC,Hispanic,M,19-Oct,4,27717
3369,2017,NYC,Hispanic,M,20-24,11,27717
3370,2017,NYC,Hispanic,M,65-74,14,27717
3371,2017,NYC,Hispanic,M,55-64,56,27717
3372,2017,NYC,Hispanic,M,25-34,58,27717
3373,2017,NYC,Hispanic,M,35-44,67,27717
3374,2017,NYC,Hispanic,M,45-54,86,27717
3385,2017,NYC,Not Stated,F,35-44,1,27717
3386,2017,NYC,Not Stated,F,45-54,1,27717
3395,2017,NYC,Not Stated,M,35-44,1,27717
3396,2017,NYC,Not Stated,M,25-34,2,27717
3397,2017,NYC,Not Stated,M,45-54,3,27717
3398,2017,NYC,Not Stated,M,55-64,3,27717
3407,2017,NYC,Other Non Hispanic,F,35-44,1,27717
3408,2017,NYC,Other Non Hispanic,F,45-54,1,27717
3409,2017,NYC,Other Non Hispanic,F,25-34,2,27717
3410,2017,NYC,Other Non Hispanic,F,20-24,3,27717
3419,2017,NYC,Other Non Hispanic,M,20-24,1,27717
3420,2017,NYC,Other Non Hispanic,M,45-54,2,27717
3421,2017,NYC,Other Non Hispanic,M,35-44,5,27717
3422,2017,NYC,Other Non Hispanic,M,25-34,9,27717
3425,2017,NYC,White Non Hispanic,F,9-Jan,1,27717
3426,2017,NYC,White Non Hispanic,F,19-Oct,1,27717
3427,2017,NYC,White Non Hispanic,F,75-84,1,27717
3428,2017,NYC,White Non Hispanic,F,85+,1,27717
3429,2017,NYC,White Non Hispanic,F,65-74,5,27717
3430,2017,NYC,White Non Hispanic,F,20-24,7,27717
3431,2017,NYC,White Non Hispanic,F,35-44,14,27717
3432,2017,NYC,White Non Hispanic,F,45-54,19,27717
3433,2017,NYC,White Non Hispanic,F,55-64,21,27717
3434,2017,NYC,White Non Hispanic,F,25-34,32,27717
3440,2017,NYC,White Non Hispanic,M,19-Oct,2,27717
3441,2017,NYC,White Non Hispanic,M,65-74,9,27717
3442,2017,NYC,White Non Hispanic,M,20-24,22,27717
3443,2017,NYC,White Non Hispanic,M,55-64,49,27717
3444,2017,NYC,White Non Hispanic,M,45-54,74,27717
3445,2017,NYC,White Non Hispanic,M,35-44,84,27717
3446,2017,NYC,White Non Hispanic,M,25-34,102,27717
3452,2017,ROS,Black Non Hispanic,F,19-Oct,1,27717
3453,2017,ROS,Black Non Hispanic,F,65-74,1,27717
3454,2017,ROS,Black Non Hispanic,F,20-24,4,27717
3455,2017,ROS,Black Non Hispanic,F,55-64,4,27717
3456,2017,ROS,Black Non Hispanic,F,35-44,7,27717
3457,2017,ROS,Black Non Hispanic,F,25-34,9,27717
3458,2017,ROS,Black Non Hispanic,F,45-54,12,27717
3462,2017,ROS,Black Non Hispanic,M,85+,1,27717
3463,2017,ROS,Black Non Hispanic,M,9-Jan,2,27717
3464,2017,ROS,Black Non Hispanic,M,19-Oct,3,27717
3465,2017,ROS,Black Non Hispanic,M,20-24,4,27717
3466,2017,ROS,Black Non Hispanic,M,65-74,9,27717
3467,2017,ROS,Black Non Hispanic,M,35-44,14,27717
3468,2017,ROS,Black Non Hispanic,M,25-34,19,27717
3469,2017,ROS,Black Non Hispanic,M,55-64,23,27717
3470,2017,ROS,Black Non Hispanic,M,45-54,24,27717
3478,2017,ROS,Hispanic,F,55-64,2,27717
3479,2017,ROS,Hispanic,F,45-54,4,27717
3480,2017,ROS,Hispanic,F,20-24,5,27717
3481,2017,ROS,Hispanic,F,35-44,9,27717
3482,2017,ROS,Hispanic,F,25-34,14,27717
3488,2017,ROS,Hispanic,M,19-Oct,1,27717
3489,2017,ROS,Hispanic,M,65-74,2,27717
3490,2017,ROS,Hispanic,M,20-24,6,27717
3491,2017,ROS,Hispanic,M,55-64,17,27717
3492,2017,ROS,Hispanic,M,45-54,26,27717
3493,2017,ROS,Hispanic,M,35-44,39,27717
3494,2017,ROS,Hispanic,M,25-34,45,27717
3513,2017,ROS,Not Stated,M,20-24,1,27717
3514,2017,ROS,Not Stated,M,35-44,1,27717
3515,2017,ROS,Not Stated,M,55-64,1,27717
3516,2017,ROS,Not Stated,M,45-54,2,27717
3517,2017,ROS,Not Stated,M,65-74,2,27717
3528,2017,ROS,Other Non Hispanic,F,45-54,2,27717
3529,2017,ROS,Other Non Hispanic,F,25-34,5,27717
3536,2017,ROS,Other Non Hispanic,M,75-84,1,27717
3537,2017,ROS,Other Non Hispanic,M,19-Oct,2,27717
3538,2017,ROS,Other Non Hispanic,M,20-24,2,27717
3539,2017,ROS,Other Non Hispanic,M,45-54,3,27717
3540,2017,ROS,Other Non Hispanic,M,35-44,8,27717
3541,2017,ROS,Other Non Hispanic,M,25-34,10,27717
3546,2017,ROS,White Non Hispanic,F,75-84,4,27717
3547,2017,ROS,White Non Hispanic,F,19-Oct,8,27717
3548,2017,ROS,White Non Hispanic,F,65-74,12,27717
3549,2017,ROS,White Non Hispanic,F,20-24,42,27717
3550,2017,ROS,White Non Hispanic,F,55-64,71,27717
3551,2017,ROS,White Non Hispanic,F,35-44,111,27717
3552,2017,ROS,White Non Hispanic,F,45-54,113,27717
3553,2017,ROS,White Non Hispanic,F,25-34,134,27717
3557,2017,ROS,White Non Hispanic,M,75-84,1,27717
3558,2017,ROS,White Non Hispanic,M,85+,1,27717
3559,2017,ROS,White Non Hispanic,M,19-Oct,13,27717
3560,2017,ROS,White Non Hispanic,M,65-74,26,27717
3561,2017,ROS,White Non Hispanic,M,20-24,117,27717
3562,2017,ROS,White Non Hispanic,M,55-64,152,27717
3563,2017,ROS,White Non Hispanic,M,45-54,266,27717
3564,2017,ROS,White Non Hispanic,M,35-44,307,27717
3565,2017,ROS,White Non Hispanic,M,25-34,445,27717
3572,2018,NYC,Black Non Hispanic,F,20-24,1,27717
3573,2018,NYC,Black Non Hispanic,F,65-74,5,27717
3574,2018,NYC,Black Non Hispanic,F,25-34,7,27717
3575,2018,NYC,Black Non Hispanic,F,35-44,8,27717
3576,2018,NYC,Black Non Hispanic,F,45-54,23,27717
3577,2018,NYC,Black Non Hispanic,F,55-64,23,27717
3583,2018,NYC,Black Non Hispanic,M,20-24,1,27717
3584,2018,NYC,Black Non Hispanic,M,75-84,3,27717
3585,2018,NYC,Black Non Hispanic,M,35-44,9,27717
3586,2018,NYC,Black Non Hispanic,M,65-74,9,27717
3587,2018,NYC,Black Non Hispanic,M,25-34,16,27717
3588,2018,NYC,Black Non Hispanic,M,45-54,44,27717
3589,2018,NYC,Black Non Hispanic,M,55-64,65,27717
3596,2018,NYC,Hispanic,F,20-24,4,27717
3597,2018,NYC,Hispanic,F,65-74,5,27717
3598,2018,NYC,Hispanic,F,35-44,10,27717
3599,2018,NYC,Hispanic,F,25-34,16,27717
3600,2018,NYC,Hispanic,F,45-54,24,27717
3601,2018,NYC,Hispanic,F,55-64,26,27717
3605,2018,NYC,Hispanic,M,9-Jan,1,27717
3606,2018,NYC,Hispanic,M,19-Oct,1,27717
3607,2018,NYC,Hispanic,M,75-84,2,27717
3608,2018,NYC,Hispanic,M,20-24,14,27717
3609,2018,NYC,Hispanic,M,65-74,19,27717
3610,2018,NYC,Hispanic,M,55-64,51,27717
3611,2018,NYC,Hispanic,M,25-34,56,27717
3612,2018,NYC,Hispanic,M,35-44,68,27717
3613,2018,NYC,Hispanic,M,45-54,84,27717
3621,2018,NYC,Not Stated,F,20-24,1,27717
3622,2018,NYC,Not Stated,F,35-44,1,27717
3623,2018,NYC,Not Stated,F,65-74,1,27717
3624,2018,NYC,Not Stated,F,25-34,2,27717
3625,2018,NYC,Not Stated,F,45-54,3,27717
3633,2018,NYC,Not Stated,M,20-24,1,27717
3634,2018,NYC,Not Stated,M,35-44,4,27717
3635,2018,NYC,Not Stated,M,45-54,4,27717
3636,2018,NYC,Not Stated,M,25-34,8,27717
3637,2018,NYC,Not Stated,M,55-64,8,27717
3648,2018,NYC,Other Non Hispanic,F,25-34,1,27717
3649,2018,NYC,Other Non Hispanic,F,35-44,1,27717
3658,2018,NYC,Other Non Hispanic,M,20-24,1,27717
3659,2018,NYC,Other Non Hispanic,M,55-64,1,27717
3660,2018,NYC,Other Non Hispanic,M,25-34,3,27717
3661,2018,NYC,Other Non Hispanic,M,35-44,3,27717
3665,2018,NYC,White Non Hispanic,F,19-Oct,1,27717
3666,2018,NYC,White Non Hispanic,F,20-24,1,27717
3667,2018,NYC,White Non Hispanic,F,75-84,1,27717
3668,2018,NYC,White Non Hispanic,F,85+,3,27717
3669,2018,NYC,White Non Hispanic,F,65-74,9,27717
3670,2018,NYC,White Non Hispanic,F,35-44,15,27717
3671,2018,NYC,White Non Hispanic,F,55-64,15,27717
3672,2018,NYC,White Non Hispanic,F,25-34,20,27717
3673,2018,NYC,White Non Hispanic,F,45-54,27,27717
3678,2018,NYC,White Non Hispanic,M,75-84,2,27717
3679,2018,NYC,White Non Hispanic,M,19-Oct,4,27717
3680,2018,NYC,White Non Hispanic,M,20-24,15,27717
3681,2018,NYC,White Non Hispanic,M,65-74,19,27717
3682,2018,NYC,White Non Hispanic,M,55-64,41,27717
3683,2018,NYC,White Non Hispanic,M,35-44,68,27717
3684,2018,NYC,White Non Hispanic,M,25-34,76,27717
3685,2018,NYC,White Non Hispanic,M,45-54,79,27717
3691,2018,ROS,Black Non Hispanic,F,19-Oct,1,27717
3692,2018,ROS,Black Non Hispanic,F,20-24,1,27717
3693,2018,ROS,Black Non Hispanic,F,65-74,6,27717
3694,2018,ROS,Black Non Hispanic,F,35-44,9,27717
3695,2018,ROS,Black Non Hispanic,F,45-54,9,27717
3696,2018,ROS,Black Non Hispanic,F,25-34,11,27717
3697,2018,ROS,Black Non Hispanic,F,55-64,15,27717
3703,2018,ROS,Black Non Hispanic,M,19-Oct,2,27717
3704,2018,ROS,Black Non Hispanic,M,20-24,2,27717
3705,2018,ROS,Black Non Hispanic,M,65-74,11,27717
3706,2018,ROS,Black Non Hispanic,M,45-54,19,27717
3707,2018,ROS,Black Non Hispanic,M,55-64,19,27717
3708,2018,ROS,Black Non Hispanic,M,35-44,20,27717
3709,2018,ROS,Black Non Hispanic,M,25-34,21,27717
3717,2018,ROS,Hispanic,F,20-24,1,27717
3718,2018,ROS,Hispanic,F,55-64,3,27717
3719,2018,ROS,Hispanic,F,45-54,5,27717
3720,2018,ROS,Hispanic,F,35-44,8,27717
3721,2018,ROS,Hispanic,F,25-34,11,27717
3727,2018,ROS,Hispanic,M,19-Oct,1,27717
3728,2018,ROS,Hispanic,M,65-74,2,27717
3729,2018,ROS,Hispanic,M,20-24,10,27717
3730,2018,ROS,Hispanic,M,55-64,15,27717
3731,2018,ROS,Hispanic,M,35-44,31,27717
3732,2018,ROS,Hispanic,M,45-54,31,27717
3733,2018,ROS,Hispanic,M,25-34,34,27717
3743,2018,ROS,Not Stated,F,25-34,1,27717
3744,2018,ROS,Not Stated,F,35-44,1,27717
3745,2018,ROS,Not Stated,F,65-74,1,27717
3753,2018,ROS,Not Stated,M,19-Oct,1,27717
3754,2018,ROS,Not Stated,M,35-44,1,27717
3755,2018,ROS,Not Stated,M,45-54,1,27717
3756,2018,ROS,Not Stated,M,55-64,1,27717
3757,2018,ROS,Not Stated,M,25-34,7,27717
3766,2018,ROS,Other Non Hispanic,F,55-64,1,27717
3767,2018,ROS,Other Non Hispanic,F,20-24,2,27717
3768,2018,ROS,Other Non Hispanic,F,25-34,2,27717
3769,2018,ROS,Other Non Hispanic,F,45-54,2,27717
3776,2018,ROS,Other Non Hispanic,M,65-74,1,27717
3777,2018,ROS,Other Non Hispanic,M,55-64,2,27717
3778,2018,ROS,Other Non Hispanic,M,20-24,4,27717
3779,2018,ROS,Other Non Hispanic,M,25-34,4,27717
3780,2018,ROS,Other Non Hispanic,M,35-44,4,27717
3781,2018,ROS,Other Non Hispanic,M,45-54,4,27717
3785,2018,ROS,White Non Hispanic,F,85+,1,27717
3786,2018,ROS,White Non Hispanic,F,75-84,2,27717
3787,2018,ROS,White Non Hispanic,F,19-Oct,7,27717
3788,2018,ROS,White Non Hispanic,F,65-74,12,27717
3789,2018,ROS,White Non Hispanic,F,20-24,44,27717
3790,2018,ROS,White Non Hispanic,F,55-64,72,27717
3791,2018,ROS,White Non Hispanic,F,35-44,95,27717
3792,2018,ROS,White Non Hispanic,F,45-54,106,27717
3793,2018,ROS,White Non Hispanic,F,25-34,140,27717
3798,2018,ROS,White Non Hispanic,M,75-84,6,27717
3799,2018,ROS,White Non Hispanic,M,19-Oct,9,27717
3800,2018,ROS,White Non Hispanic,M,65-74,30,27717
3801,2018,ROS,White Non Hispanic,M,20-24,80,27717
3802,2018,ROS,White Non Hispanic,M,55-64,120,27717
3803,2018,ROS,White Non Hispanic,M,45-54,199,27717
3804,2018,ROS,White Non Hispanic,M,35-44,274,27717
3805,2018,ROS,White Non Hispanic,M,25-34,387,27717
3811,2019,NYC,Black Non Hispanic,F,19-Oct,1,27717
3812,2019,NYC,Black Non Hispanic,F,20-24,3,27717
3813,2019,NYC,Black Non Hispanic,F,25-34,6,27717
3814,2019,NYC,Black Non Hispanic,F,35-44,7,27717
3815,2019,NYC,Black Non Hispanic,F,65-74,11,27717
3816,2019,NYC,Black Non Hispanic,F,45-54,22,27717
3817,2019,NYC,Black Non Hispanic,F,55-64,24,27717
3822,2019,NYC,Black Non Hispanic,M,9-Jan,1,27717
3823,2019,NYC,Black Non Hispanic,M,75-84,3,27717
3824,2019,NYC,Black Non Hispanic,M,20-24,4,27717
3825,2019,NYC,Black Non Hispanic,M,25-34,14,27717
3826,2019,NYC,Black Non Hispanic,M,35-44,23,27717
3827,2019,NYC,Black Non Hispanic,M,65-74,25,27717
3828,2019,NYC,Black Non Hispanic,M,45-54,50,27717
3829,2019,NYC,Black Non Hispanic,M,55-64,77,27717
3835,2019,NYC,Hispanic,F,9-Jan,1,27717
3836,2019,NYC,Hispanic,F,20-24,2,27717
3837,2019,NYC,Hispanic,F,65-74,10,27717
3838,2019,NYC,Hispanic,F,25-34,14,27717
3839,2019,NYC,Hispanic,F,55-64,19,27717
3840,2019,NYC,Hispanic,F,35-44,21,27717
3841,2019,NYC,Hispanic,F,45-54,25,27717
3847,2019,NYC,Hispanic,M,75-84,2,27717
3848,2019,NYC,Hispanic,M,20-24,11,27717
3849,2019,NYC,Hispanic,M,65-74,20,27717
3850,2019,NYC,Hispanic,M,25-34,63,27717
3851,2019,NYC,Hispanic,M,45-54,77,27717
3852,2019,NYC,Hispanic,M,35-44,78,27717
3853,2019,NYC,Hispanic,M,55-64,80,27717
3865,2019,NYC,Not Stated,F,45-54,1,27717
3866,2019,NYC,Not Stated,F,55-64,3,27717
3873,2019,NYC,Not Stated,M,65-74,1,27717
3874,2019,NYC,Not Stated,M,75-84,1,27717
3875,2019,NYC,Not Stated,M,20-24,2,27717
3876,2019,NYC,Not Stated,M,45-54,2,27717
3877,2019,NYC,Not Stated,M,35-44,4,27717
3878,2019,NYC,Not Stated,M,25-34,7,27717
3879,2019,NYC,Not Stated,M,55-64,7,27717
3887,2019,NYC,Other Non Hispanic,F,19-Oct,1,27717
3888,2019,NYC,Other Non Hispanic,F,20-24,1,27717
3889,2019,NYC,Other Non Hispanic,F,35-44,1,27717
3890,2019,NYC,Other Non Hispanic,F,45-54,1,27717
3891,2019,NYC,Other Non Hispanic,F,55-64,2,27717
3892,2019,NYC,Other Non Hispanic,F,25-34,3,27717
3900,2019,NYC,Other Non Hispanic,M,19-Oct,1,27717
3901,2019,NYC,Other Non Hispanic,M,55-64,2,27717
3902,2019,NYC,Other Non Hispanic,M,20-24,3,27717
3903,2019,NYC,Other Non Hispanic,M,35-44,5,27717
3904,2019,NYC,Other Non Hispanic,M,25-34,8,27717
3909,2019,NYC,White Non Hispanic,F,19-Oct,2,27717
3910,2019,NYC,White Non Hispanic,F,75-84,2,27717
3911,2019,NYC,White Non Hispanic,F,20-24,3,27717
3912,2019,NYC,White Non Hispanic,F,65-74,5,27717
3913,2019,NYC,White Non Hispanic,F,45-54,21,27717
3914,2019,NYC,White Non Hispanic,F,25-34,24,27717
3915,2019,NYC,White Non Hispanic,F,35-44,24,27717
3916,2019,NYC,White Non Hispanic,F,55-64,26,27717
3922,2019,NYC,White Non Hispanic,M,19-Oct,1,27717
3923,2019,NYC,White Non Hispanic,M,75-84,2,27717
3924,2019,NYC,White Non Hispanic,M,20-24,6,27717
3925,2019,NYC,White Non Hispanic,M,65-74,22,27717
3926,2019,NYC,White Non Hispanic,M,45-54,60,27717
3927,2019,NYC,White Non Hispanic,M,55-64,60,27717
3928,2019,NYC,White Non Hispanic,M,35-44,72,27717
3929,2019,NYC,White Non Hispanic,M,25-34,82,27717
3936,2019,ROS,Black Non Hispanic,F,20-24,1,27717
3937,2019,ROS,Black Non Hispanic,F,65-74,4,27717
3938,2019,ROS,Black Non Hispanic,F,25-34,7,27717
3939,2019,ROS,Black Non Hispanic,F,35-44,9,27717
3940,2019,ROS,Black Non Hispanic,F,55-64,12,27717
3941,2019,ROS,Black Non Hispanic,F,45-54,15,27717
3947,2019,ROS,Black Non Hispanic,M,75-84,2,27717
3948,2019,ROS,Black Non Hispanic,M,20-24,5,27717
3949,2019,ROS,Black Non Hispanic,M,65-74,6,27717
3950,2019,ROS,Black Non Hispanic,M,35-44,18,27717
3951,2019,ROS,Black Non Hispanic,M,25-34,22,27717
3952,2019,ROS,Black Non Hispanic,M,55-64,26,27717
3953,2019,ROS,Black Non Hispanic,M,45-54,37,27717
3960,2019,ROS,Hispanic,F,9-Jan,1,27717
3961,2019,ROS,Hispanic,F,55-64,3,27717
3962,2019,ROS,Hispanic,F,20-24,4,27717
3963,2019,ROS,Hispanic,F,35-44,5,27717
3964,2019,ROS,Hispanic,F,45-54,9,27717
3965,2019,ROS,Hispanic,F,25-34,10,27717
3972,2019,ROS,Hispanic,M,19-Oct,2,27717
3973,2019,ROS,Hispanic,M,65-74,2,27717
3974,2019,ROS,Hispanic,M,20-24,12,27717
3975,2019,ROS,Hispanic,M,55-64,13,27717
3976,2019,ROS,Hispanic,M,45-54,29,27717
3977,2019,ROS,Hispanic,M,25-34,42,27717
3978,2019,ROS,Hispanic,M,35-44,48,27717
3987,2019,ROS,Not Stated,F,25-34,1,27717
3988,2019,ROS,Not Stated,F,35-44,1,27717
3989,2019,ROS,Not Stated,F,45-54,1,27717
3997,2019,ROS,Not Stated,M,45-54,1,27717
3998,2019,ROS,Not Stated,M,20-24,2,27717
3999,2019,ROS,Not Stated,M,35-44,2,27717
4000,2019,ROS,Not Stated,M,55-64,2,27717
4001,2019,ROS,Not Stated,M,25-34,3,27717
4011,2019,ROS,Other Non Hispanic,F,45-54,1,27717
4012,2019,ROS,Other Non Hispanic,F,55-64,2,27717
4013,2019,ROS,Other Non Hispanic,F,25-34,5,27717
4021,2019,ROS,Other Non Hispanic,M,20-24,2,27717
4022,2019,ROS,Other Non Hispanic,M,55-64,2,27717
4023,2019,ROS,Other Non Hispanic,M,25-34,3,27717
4024,2019,ROS,Other Non Hispanic,M,35-44,4,27717
4025,2019,ROS,Other Non Hispanic,M,45-54,4,27717
4029,2019,ROS,White Non Hispanic,F,<1,1,27717
4030,2019,ROS,White Non Hispanic,F,19-Oct,3,27717
4031,2019,ROS,White Non Hispanic,F,75-84,4,27717
4032,2019,ROS,White Non Hispanic,F,65-74,14,27717
4033,2019,ROS,White Non Hispanic,F,20-24,40,27717
4034,2019,ROS,White Non Hispanic,F,55-64,59,27717
4035,2019,ROS,White Non Hispanic,F,45-54,73,27717
4036,2019,ROS,White Non Hispanic,F,35-44,119,27717
4037,2019,ROS,White Non Hispanic,F,25-34,129,27717
4041,2019,ROS,White Non Hispanic,M,75-84,1,27717
4042,2019,ROS,White Non Hispanic,M,Unknown,1,27717
4043,2019,ROS,White Non Hispanic,M,85+,2,27717
4044,2019,ROS,White Non Hispanic,M,19-Oct,5,27717
4045,2019,ROS,White Non Hispanic,M,65-74,27,27717
4046,2019,ROS,White Non Hispanic,M,20-24,61,27717
4047,2019,ROS,White Non Hispanic,M,55-64,117,27717
4048,2019,ROS,White Non Hispanic,M,45-54,195,27717
4049,2019,ROS,White Non Hispanic,M,35-44,240,27717
4050,2019,ROS,White Non Hispanic,M,25-34,323,27717
